100643328	济南招录“高姐”	2月23日，济南，山东交通学院举行高铁动车乘务专业测试。王锋/东方IC2/6	2014年02月26日11:02
100648706	波音飞机事故史	当地时间2013年7月6日中午，韩亚航空一架波音777航班在美国旧金山国际机场降落时发生坠毁并起火，两名中国公民遇难，数十人受伤。1/10	2014年03月08日19:38
100634859	朝鲜富人的生活	2012年4月26日，顾客在朝鲜平壤新开业的“未来商店”选购衣物。5/11	NULL
100651397	【记者手记】马来西亚：真相失踪的日子	　　【财新网】（特派吉隆坡记者戴甜）高温加上部分土壤易燃，久难扑灭的山火使吉隆坡笼罩在一片烟雾中。而MH370失联背后的真相在事件发生六天后不仅没有走向清晰，反而愈发难辨。　　“飞机消失了（Theplanevanished）。”马来西亚官方在连日的发布会上以“半解释”的口吻重复着这句话。　　马来西亚代交通部长希山慕丁（HishammuddinHussein）13日向记者坦言：“飞机找到之前，不认为搜救可以算得上有任何进展。”　　然而搜救的一无所获并不代表媒体也是一如海面平静。在这场信息“拉锯战”中，各种消息层出不穷又被马方相继否认，媒体对马来西亚官方内部“表达前后不一”的炮轰表现得毫不吝惜。　　马来西亚民航局“曾有5名乘客办理登机手续后没有登机”的说法后被负责调查的全国总警长阿布巴卡11日否认。马来西亚军司令达乌德曾接受当地主流报纸《马来每日新闻》采访，但12日矢口否认自己在采访中明确“飞机曾返航至马六甲海峡”，并指控相关报道失实。马来西亚官方同时还修改了飞机最后失联的地点及时间。　　在3月13日召开的记者会上，马来西亚官方更是一连气否认了三件事，即在中国卫星拍到疑似漂浮物的海域没有任何发现，警方搜索MH370空乘人员家里的报道失实，以及发动机信号捕捉到飞机总共飞行了5个小时的说法不准确。　　混乱的信息带给事件最大受害者——乘客家属的有希望也有绝望。　　“不想残骸被找到，我宁愿他（她）吸到时空隧道里。”一名下榻在吉隆坡等候消息的中国乘客家属红着眼圈和同伴说。　　“我就是不想找到（残骸），找到时你让我怎么接受呀。”另一名家属言语中略带哭腔，一桌的义工在旁低声安慰。　　身边新认识的马来朋友有人同情官方面临的处境，也有人发泄不满。　　“电视上，官员们每天说着一样的话，如果我都不能接受，家属又如何能接受？我真替这些官员难为情。”出租车上，马来西亚司机毫不客气地说。　　当然，不能否认随着分秒的流失，对真相的急切渴望和山火一样烧在每家媒体心中，也促使他们做出过热的判断。有记者和我坦言，自己独家报道中的匿名信源，感觉不是很可靠，但文章还是发表了。　　一名国内同行曾在微信中表达过这样的思考：自己不知道媒体此时应该冷峻剖析事件责任，提醒所有人做好最坏的准备，还是温情脉脉地派送正能量、贩售随时可能招致巨大落差的希望。　　无庸置疑的是，大家的希望从飞机失联第一日起就走在加速折旧的路上。而作为媒体人，能做的只有将对奇迹的期盼留在心底，为公众挖掘更加准确、客观的真相。■	2014年03月14日10:44
100643974	解密中国富裕家庭：也靠工资也贷款	NULL	NULL
100642311	【刘汉兴衰调查之三】炒股金路集团内幕	　　【财新网】（记者罗洁琪）汉龙集团旗下有一家上市公司——金路集团股份有限公司（下称金路集团，000510.SZ）。　　金路集团1993年即在深交所上市，到2000年前后，经营遭遇困难，甚至发不起工资，导致工人上街游行。按刘汉曾经的说法，当时德阳市政府找到刘汉，希望他出手入主金路集团，解决政府面临的问题。彼时，金路集团的大股东四川省三通企业(集团)有限责任公司（下称三通集团）对金路集团的控制权，被德阳市国有资产经营公司夺回。　　刘汉提出了条件，一是为巨亏的金路集团提供税收减免待遇，同时，还要求以优惠价格收购德阳市天然气公司的股权。德阳市政府答应了刘汉的条件。　　不过，对于擅长资本运作的刘汉来说，入股金路集团的买卖并没有那么简单。　　在入主金路集团之前，刘汉就找到西藏珠峰摩托车工业公司（下简称珠峰摩托）负责人何冰，约定一起炒作金路集团的股票。刘汉认为，当时金路集团的股价低，可以大量买入。为了避人耳目，刘汉没有以汉龙集团的名义收购金路集团股票，而是让珠峰摩托出面。2001年，三通集团将其所持金路集团全部转让给珠峰摩托，后者成为金路集团第一大股东。　　在此前后，刘汉通过各种途径控制了十几个大账户和上万个小户来运作金路集团的股票。2001年，刘汉从中国建设银行和光大银行共贷款11亿元，用来购买金路股权的流通股和其他股票。此后一年间，刘汉陆续投入了共计20多亿元。　　2000年初，金路集团的股价在五六元左右，到2001年底2002年初时，金路股票涨到16元左右，其间最高时约22元。2002年，何冰因走私被捕，金路集团的股价开始下跌。　　也是在2002年，刘汉旗下汉龙实业发展有限公司(下称汉龙实业)，通过与珠峰摩托的借款纠纷案，以司法途径获得后者所持金路集团股份，成为金路集团第一大股东。刘汉在2008年当选为公司董事长，直至2013年3月案发，同年8月去职。　　目前，汉龙实业是金路集团第三大股东，刘汉的堂兄刘沧龙掌控的四川宏达（集团）有限公司为金路集团第一大股东，德阳市国有资产经营有限公司则为第二大股东。2013年9月，四川宏达(集团)有限公司将所持股权授予德阳市国有资产经营有限公司代为行使一年，后者成为金路集团实际控制人。（待续）　　相关报道：　　刘汉与五矿的暗黑交易　　【刘汉兴衰调查之一】兄弟红黑路　　【刘汉兴衰调查之二】斗法袁宝璟　　【刘汉兴衰调查之四】周滨的生意伙伴　　【刘汉兴衰调查之五】矿业大亨　　【刘汉兴衰调查之六】豪赌江湖　　【刘汉兴衰调查之七】末路狂奔	2014年02月24日14:44
100646153	无锡周氏老宅曝光周家笃信风水	村民说,西前头村搞新农村建设,原本打算在这里给每户农家建新房,家家户户都签字了,最终因周玲英反对而作罢。图片来源：腾讯财经8/10	2014年03月04日08:03
100642309	【刘汉兴衰调查之二】斗法袁宝璟	　　【财新网】（记者罗洁琪）刘汉通过期货聚敛了财富，也卷入了一场富商之间的仇杀。　　1996年前后，刘汉在海南炒期货。成都一个老板对他说，成都高粱的价格被炒高了，差不多到2000多元了，他请刘汉回去成都，出手干预高粱期货的行情。　　刘汉刚开仓做这笔生意，交易所的一个副总就带着袁宝璟公司的老总来找他。袁宝璟，北京建昊集团董事长，辽宁辽阳籍，也是一位白手起家的亿万富翁。当时，袁宝璟也是资金雄厚的期货“大玩家”。那位老总说，高粱的行情是袁宝璟公司做起来的，希望刘汉帮他们一起炒。他承诺给刘汉5万手单子，5000万现金。　　但是，刘汉跟他们说，“现货1300，你们做到1900，必输无疑”，全国的粮食部门都向四川省发高粱，想少赔钱只有赶紧平仓走人。几天之后，刘汉进入交易，只做了几个单子，高粱的价格就掉下来了。袁宝璟公司不得不平仓走人。在那次行情中，刘汉挣到约2000万元。不过，袁宝璟怀疑刘汉跟期货交易所的领导修改规则，让他损失了八九千万元。这是刘汉和袁宝璟最激烈的商场交战，仇恨因此结下。　　1997年的一天，刘汉在广汉市一家宾馆谈完生意，出门时有人向他开了两枪。一枪打在奔驰车的车尾部，另一枪没打到车上。后来的警方侦查发现，袁宝璟从东北雇了一个名叫汪兴的人，欲报复刘汉。但是，这次事件中刘汉没受伤。当时，刘汉身边只有一个司机肖永红。　　枪击事件发生后，刘维曾要殴打肖永红，怀疑他故意把车开到杀手方便射击的地方。为了保护刘汉，刘维安排自己的司机为刘汉开车，并且给了司机一把手枪。　　刘汉仍然不放心，通过中央警卫局后勤部门的人找了四个退伍的武警做贴身保镖。　　2003年10月，“杀手”汪兴在老家辽阳身中两枪毙命。汪兴曾在辽阳当过刑警大队专案中队队长，后下海经商，与袁宝璟相识。据法院后来的认定，汪兴受雇于袁宝璟枪杀刘汉未果，之后多次向袁宝璟借钱，并以要举报袁宝璟违法犯罪相威胁。袁宝璟与其哥哥袁宝琦，指使其堂兄弟袁宝福与袁宝森用猎枪将汪兴打死。　　2005年1月，辽阳市中院一审宣判，袁宝璟、袁宝琦、袁宝森被判处死刑，袁宝福被判处死缓。如此重判引起很大争议，但四名被告的上诉后来被辽宁省高院驳回。2006年3月，袁宝璟与其哥哥袁宝琦、堂兄袁宝森被执行死刑。（待续）　　相关报道：　　刘汉与五矿的暗黑交易　　【刘汉兴衰调查之一】兄弟红黑路　　【刘汉兴衰调查之三】炒股金路集团内幕　　【刘汉兴衰调查之四】周滨的生意伙伴　　【刘汉兴衰调查之五】矿业大亨　　【刘汉兴衰调查之六】豪赌江湖　　【刘汉兴衰调查之七】末路狂奔	2014年02月24日14:41
100648717	菲律宾派飞机寻找马航失联客机	菲律宾国防部8日透露，菲军方已派出舰船和侦察飞机参与寻找失联的马来西亚航空公司客机。8日凌晨，马来西亚航空公司一架波音777型客机执行从马来西亚吉隆坡飞往北京的(MH370)航班任务途中与地面失去联系，机上共搭乘239人，包括150多名中国乘客。东方IC1/2	2014年03月08日20:10
100648728	马来西亚总理赴机场慰问失联客机乘客家属	3月8日，马来西亚总理纳吉布赴吉隆坡国际机场慰问失联客机乘客的家属。东方IC2/6	2014年03月08日21:34
100645485	昆明火车站恐袭后多地火车站加强安保	3月2日，“3.01”昆明火车站严重暴力恐怖事件发生后，多地火车站加强戒备严密监控，安保升级。图为昆明火车站秩序逐渐恢复，多警种联合巡逻防控加强。东方IC1/7	2014年03月03日07:56
100648984	马来西亚民航局举行新闻发布会破“舷窗”谣言	华尔街日报消息，越南搜救队在土珠岛西南偏南80公里处发现一处新的可疑物。马民航部称，越南岛屿附近发现残骸并非飞机部件。图为越南军方发出一张在海面搜寻到的漂浮物照片。并表示，该漂浮物疑似舷窗或门，但无法确定。越南军方称，这个漂浮物是北京时间晚上7点半发现的，与此前有报道称发现的黄色漂浮物不同。3/3	2014年03月10日08:12
100658325	中央巡视组要求广东复查茂名窝案	　　【财新网】（记者王婧）广东省茂名市原政协主席冯立梅已退休两年有余，现在却被省纪委再次调查。3月28日，广东省纪委官方网站“南粤清风网”发布上述信息。　　接近广东省纪委的人士透露，冯立梅是3月28日中午被纪委带走的，当天下午广东省纪委即发布公告。快速定性是因为他在纪委已有案底，追责程序可以随时启动。　　茂名官场窝案曝光始于2009年，当地官员陆续落马。到2011年，茂名腐败窝案全面曝光，共涉及广东省管干部24人、县处级干部218人，波及党政部门105个，市辖六个县（区）的主要领导无一清白。（相关报道参见：《茂名官场震荡、两任书记均被查茂名窝案涉及的15名重要官员》）　　广东省省委原常委、统战部原部长周镇宏，被指“对广东省茂名市发生的系列严重腐败案件负有主要领导责任”。从2002年起，周镇宏主政茂名近五年。2014年2月28日，周镇宏因受贿罪和巨额财产来源不明罪，一审被判处死缓。　　周镇宏2012年1月被抓后，茂名再无重量级官员落马。这一震动全国的腐败窝案逐渐淡出公众视野。　　但如何处理可谓染缸的茂名官场，是纪委面临的难题。　　2012年，财新记者在茂名采访时了解到，广东省纪委曾专门在茂名市政府招待所指定了一栋小楼用于办案。连续一周时间，被约谈的官员在该小楼前排成长队。　　收取红包、买官卖官，是茂名官场人尽皆知的潜规则。由于案件波及面太广，有关部门不得不将“办案”和“挽救”并举。　　比如冯立梅。简历显示，2002年，周镇宏从湛江“空降”茂名，次年就将时任茂名市委常委、市委秘书长的冯立梅提拔为茂名市委副书记。周镇宏离开茂名后，罗荫国接任茂名市市委书记。此后，冯立梅升任茂名市政协主席、党委书记。多名当地人士称，冯立梅涉嫌向周镇宏和罗荫国买官。而买官所需费用则来自其自己收受的礼金。　　2011年2月，罗荫国案发后，冯立梅被纪委约谈。2012年2月，周镇宏案发后，冯立梅再次被纪委约谈。据接近茂名官场的人士透露，当年冯立梅认错态度较好，并一口咬定钱是老婆收的，他不知情。又主动退回赃款250万元，获得宽大处理。　　2012年1月，冯立梅从茂名市政协主席位置上退休。此后，茂名市政协主席一职空缺至今。　　有数名茂名当地被处理的官员家属向财新记者抱怨，上一轮对茂名官场的整顿，让很多官员“不服气”。他们认为：“大家都是这么干的，凭什么有的人退赃就获得宽大处理，有的人不管如何都要从严处理？”　　抱怨的声音持续至今。　　接近广东省纪委的人士透露，此次冯立梅被抓，就是中央巡视组来广东之后接到了类似举报。中央巡视组认为，当年对茂名腐败窝案的处理，尚欠妥当。　　在中央巡视组的要求之下，广东省纪委准备复查茂名官场窝案，“很多原来不追究的，现在要重新追究”，接近广东省纪委的人士透露，“当年放过了160余人。”■	2014年03月28日22:47
100648598	消失前的马航370	　　【财新网】（实习记者葛菁）据新华社消息，马来西亚航空公司表示，与一架由吉隆坡飞往北京的客机失去联系，机上载有来自13个国家的239名乘客和机组人员，包括153名中国公民。该架航班号为MH370的班机于北京时间00：42分起飞，原定于北京时间6点30分到达。目前该机一直未与中国管制部门建立联络或进入空管情报区，首都机场已将该航班列为失踪。　　财新记者从瑞典实时航空交通跟踪网站Flightrader网站看到，在今晨01：21分,MH370班机航向为25度，高度还在3.5万英尺，之后突然变成航向40度，接着高度变成0，该网站显示，MH370最后在有信号的地点在位于距马来西亚东北部的KualaTerengganu东北方向150公里处，在马来西亚和越南之间的海域，在高度变成0之后失去信号。据航空人士告诉财新记者，这样的情况有可能是空中解体。　　据马航公开发布的消息，今日凌晨01:20左右，在胡志明管制区同管制部门失去通讯联络，同时失去雷达信号，位于吉隆坡的管制台于今天凌晨2点40分证实，该航班已经失去联系。　　一位自述为首都机场塔台的工作人员早前发微博称，据三亚区调值班管制员透露，“飞机是在新加坡和越南交界点突然消失，之后差不多凌晨一点，越南人问有没有该航班，我说没有，他就挂了，差不多凌晨两点他才跟我说飞机不见了，然后凌晨三点多跟我说，他们公司说这架飞机还在飞，然后我让香港帮我喊喊，什么都没有。”该微博已被删除。　　此前曾传出消息，失联的MH370航班因雷达故障，降落在一个叫做Nanming的机场。据《中国经营报》记者核实，南宁机场管理集团表示没有该航班降落的消息。　　马航副总裁在接受CNN采访时表示，该架波音777-200号客机航班起飞时运载航油可供7小时飞行，截至失联消息公布之时，燃油已经耗尽。该次航班使用的波音777机龄接近12年，是全球最大的，也是较受国际航空公司欢迎的双引擎客机，三级舱布置的载客量283到368人。　　去年7月6日在旧金山着陆时坠毁的韩亚航空亦使用波音777-200机型，该次事故造成两名中国籍乘客死亡，也是波音777投入商运后首次有乘客在营运商中丧生。这次马航失联事件或会成为波音777投入运营以来最严重事故。　　失联的马航客飞机型号为波音777-200，体积较大，曾在浦东机场发生碰擦，机翼受损。CNN称，这架飞机应该是2002年交付马航使用的，马航在运营波音777方面拥有极为丰富的经验。　　据路透社，马航正等待政府许可以更换较旧的空客A330和波音777-200型客机。该公司希望节省燃油费和减少维修成本。彭博社去年11月报告称，马航近两年来经营不善。马航现有15架波音777-200，最老的购于1997年，最新的购于2001年，平均使用年龄达14年。■	2014年03月08日12:31
100657176	广西警方摧毁特大贩毒网络	3月25日，贩毒嫌疑人向广西来宾市忻城县公安局民警指认其贩毒的地方。东方IC3/4	2014年03月27日08:33
100647407	广东一患者在医院死亡家属押值班医生游行	3月4日，广东潮州，据潮州中心医院医生爆料，该院消化内科收治一酒后急性酒精中毒患者，下半夜抢救无效死亡，中午家属纠集了100多人，押着昨晚的值班医生在医院内游行，边走边喊：“就是这位医生害死了死者”，被游行的年轻医生边走边哭，持续约半个小时。图片来源：微博网友@廖琼琼琼儿1/6	2014年03月06日07:48
100646120	天安门广场安保全面升级	3月3日，武警驾驶敞篷警车在长安街上巡逻。东方IC1/4	2014年03月03日20:59
100649503	【现场直击】越方已接近不明碎片海域（更新）	　　【财新网】（特派越南记者杨刚）针对一架香港飞机在越南头顿港西南方发现不明碎片的消息，越南国家搜救委员会工作人员今天（10日）晚间10时50分向财新记者表示，越方目前距不明碎片区域还差5海里的距离，预计20分钟后可抵达。　　尽管已经入夜，但越南国家搜救委员会工作人员仍在紧张地工作着。其相关人员今天19时10分曾向财新记者指出，他们需要大约两个小时到达不明碎片所在海域。　　上述工作人员指出，随后前往不明碎片海域的任务被越南一艘海军军舰接手，搜救委员会的船只被撤回。　　越南《前锋报》北京时间19时05分报道说，越南航海局长阮日透露，头顿航海港务刚刚通报，确认在当地有许多漂浮碎片。阮日说正调集力量确认是什么东西。此前经过L642航路上的一架飞机向香港方面报告“发现许多不明碎片”，位置约为北纬9度43分，东经107度25分。　　而香港民航处也表示，今日约15时收到本港民航机报告，指在越南海域见到有大型碎片，民航处已经向越南、吉隆坡及海南三亚的有关部门汇报。该飞机为前往香港的一架飞机。　　此外，人民网稍早前引述越南《交通运输报》10日报道称，越南海军637船已经打捞起一艘救生艇。越南海军副司令黎明成少校正联系查看该救生艇上是否有人，努力确定最准确的坐标。　　不过，中国驻越南大使馆发言人戚晓峰19时40分向财新记者指出，指上述消息为假消息，越南国家搜救委员会工作人员也表示从未听说。■	2014年03月10日23:11
100647712	赌王女儿豪宅曝光	日前，何超盈接受香港媒体采访，地点设于何家大宅，令何家大宅内部曝光。4/7	NULL
100649633	马航失联飞机上的劳务工	　　【财新网】（实习记者张昕然盛梦露）在消失的马航MH370航班上，有这样一群人，在辛勤地工作了一年之后，第一次回家。他们是对新加坡的劳务输出人员。　　他们从新加坡到吉隆坡转机回国。久别后，他们的家人在期待着与他们团聚，如今却在嘈杂的酒店宴会厅里，焦急地等待。　　MH370是红眼航班，夜间飞行，因而票价仅仅是普通航班票价的一半甚至更低。为了省钱，几位劳务输出人员选择了这趟航班。　　他们中，有做了四年建筑工的刘强，有孩子刚刚满月的边亮京，有新婚妻子正在等着他回来的张强。　　他们的家属，大多是从网络上得知飞机失踪的消息。他们大多不是北京人，得知消息后，便立即从各地赶到了北京的家属安置点——丽都饭店。　　从飞机失踪到现在，70多个小时过去了，这些家属能做的只有等待。3月10日早晨，一位从山东赶来的家属告诉财新记者，在飞机上的是他的妹夫，现在一同在等待消息的有他的妹妹、父亲以及妹夫的哥哥，他们不知道接下来该何去何从。　　现在，马航的工作人员在为家属们办理前往吉隆坡的护照和签证，他担心，他们不懂英语，去了吉隆坡语言不通，与当地工作人员无法沟通。而且，即使去了，也仍然只是等待。作为这个家庭的主心骨，他现在也没有理清头绪，而其他家人因伤心过度而体力不支。　　与其他家属相比，这些劳务工家属面临的困扰可能更多。他们对失踪亲属在新加坡雇佣方的具体情况一无所知，不知道该如何同马航的工作人员交涉。离开义工的帮助，他们连如何填写护照和签证申请表格也无从下手。■	2014年03月11日09:58
100648611	马航CEO举行新闻发布会	当地时间3月8日，马来西亚吉隆坡国际机场附近，马来西亚航空首席执行官阿末佐哈里出席新闻发布会。CFP1/4	2014年03月08日12:56
100657188	彭丽媛法国看望患病儿童	3月26日下午，彭丽媛访问了位于巴黎市区的尼克尔儿童医院。图片来源@时政考2/3	2014年03月27日08:53
100644102	贵阳一辆公交车起火燃烧已造成6人死亡	2月27日，贵州省贵阳市，237路公交车在野鸭塘小学附近突然起火。当地有关部门初步核实，事故已造成6死35伤，伤者已全部送医院救治，事故中受伤人员暂无生命危险。图片来源@微博网友1/9	2014年02月27日15:33
100656551	马交通部称飞机已经跌入海底	当地时间3月25日，马来西亚代理交通部长希沙姆丁在吉隆坡举行发布会。希沙姆丁说航班最后已知的地点是在南印度洋的中部，而那时候它的油已经很少了，而且附近也没有着陆的地方，所以就得出这样一个结论，飞机已经跌入海底了。CFP1/3	2014年03月25日20:15
100644648	记者街头“摔倒”测试路人管不管	2月27日下午，深圳华强北，“测试员”摔倒7分钟后，热心人解思俊从“测试员”包中找到速效救心丸，并尝试救助“测试员”。CFP3/5	2014年02月28日10:30
100647885	武汉造价千万元地下通道吊顶用纸糊	3月6日，武汉，长港路口地下人行通道吊顶用纸维修。RICK/CFP2/3	2014年03月06日20:09
100650795	奥巴马重申不接受克里米亚全民公决	　　据新华社3月12日消息，美国总统奥巴马12日重申，不接受乌克兰克里米亚自治共和国即将举行的全民公决，表示希望今后几天的外交努力能够促使有关方面对这一进程予以“重新考虑”。　　奥巴马在白宫与到访的乌克兰总理亚采纽克举行会谈后对媒体说，在俄罗斯军事人员“接管”克里米亚情况下，美方拒绝接受在几个星期内“拼凑而成”的公决，称此举违反国际法和乌克兰宪法。　　奥巴马说，美方将“非常坚定地”与乌克兰站在一起，确保其领土完整和主权得到维护，他希望今后几天的外交斡旋能够促使有关方面对上述进程予以“重新考虑”。他威胁说，如果俄罗斯坚持走当前道路，美国将不得不与国际社会、欧盟和其他各方一道让俄罗斯付出代价。　　奥巴马还说，在全球经济高度一体化的21世纪，让乌克兰在西方和俄罗斯之间做出选择的想法是不明智的，不符合乌俄两国利益。俄罗斯应当考虑如何与乌克兰协作，进而进一步加强与欧洲的经贸关系。　　俄罗斯一直不承认乌克兰新政府。俄方还表示理解克里米亚议会希望加入俄罗斯联邦并将就此举行公投的决定，声明俄方将尊重并支持克里米亚人民的选择。　　克里米亚议会6日通过决议，宣布克里米亚将以联邦主体身份加入俄罗斯联邦，同时决定把关于共和国地位的全民公决从本月30日提前到16日举行。乌克兰当局随即宣布克里米亚议会的决定非法。　　美国国务卿克里12日宣布，受奥巴马指派，他将于13日晚启程前往伦敦与俄外长拉夫罗夫举行会晤。（新华社记者易爱军　周而捷）	2014年03月13日10:43
100647597	保加利亚苏联红军纪念碑遭“恶搞”	合成图：从上至下依次为保加利亚索非亚一座描述苏联红军战士的青铜纪念碑在2013年8月21日、2011年6月17日及2012年3月15日的照片。当地时间2013年8月21日，该纪念碑被不知名的艺术家在涂成了粉色，谴责华沙条约组织在1968年入侵当时的捷克斯洛伐克。此前该纪念碑也被恶搞成超人、麦当劳叔叔和圣诞老人等卡通形象，随后被清除。CFP2/5	2014年03月06日14:16
100651182	揭秘空姐的收入真相	绩效与薪酬挂钩职别差距非常大。据国航客舱乘务部的副经理刘丽娟介绍，现阶段，国内航空公司的空姐按照职别和收入由低到高大体上分为：见习乘务员、普通乘务员、国际航班乘务员和乘务长。普通乘务员一般要在国内航班飞行2年左右的时间，月薪在2000元至3000元人民币之间，此后才能飞国际航班的普通舱、然后飞两舱（公务舱、头等舱），月薪在5000元人民币左右，之后再升为乘务长(分区域乘务长和带班乘务长)，月薪9000元人民币左右。随着航空业市场竞争的加剧，不同职别的乘务员收入差距会越来越大。7/9	NULL
100656815	青岛公交司机练武防身	3月26日，山东青岛交运集团黄岛汽车总站百余名驾乘人员在黄岛边检站战士指导下学习近身格斗、突袭擒拿、棍术等基本的防身防暴技能，增强保障乘客旅客和自身的人身安全。俞方平/CFP1/4	2014年03月26日15:41
100648752	马航事故处置组抵京召开新闻发布会	3月9日凌晨，马航公司组成的事故处置组抵京，在北京国都饭店举行新新闻发布会。从马来西亚赶来的马航负责人在发布会上表示，尚没有得到任何MH370航班去向的确实消息，一切确实信息以马航和马来西亚政府的发布为准。CFP1/5	2014年03月09日08:46
100642609	【刘汉兴衰调查之五】矿业大亨	　　【财新网】（记者罗洁琪）除了投资水电站、天然气、太阳能等能源行业，刘汉还从2006年开始进军矿业。其大手笔的资金运作，为其赢得“矿业大亨”的称号。在此前，他已通过入股其堂兄旗下的公司，间接投资了矿业。　　1998年，刘汉旗下的广汉市平原实业发展有限总公司，投资其堂兄刘沧龙设立的四川宏达(集团)有限公司，持股26%。2001年，刘沧龙控制的四川宏达化工股份有限公司（600331.SH，下称宏达股份）在上交所上市，刘汉旗下的广汉市平原实业发展有限总公司持股26.14%，为第二大股东，刘汉还担任宏达股份副董事长。　　宏达系投资经营的云南兰坪县铅锌矿是亚洲最大的铅锌矿，此外还投资经营了位于四川凉山州的甘洛铅锌矿。　　刘汉自己直接控制的汉龙集团，则是从2006年才开始大规模寻找矿产投资项目。　　2008年前后，一个姓李的老板在云南瑞丽有一个钪矿项目。汉龙集团与该人合作成立公司，出资6000万元，占60%股份。　　2008年汶川地震之后，四川省地矿局下属的矿业公司对凉山州木里县梭罗沟黄金矿的开发项目进行招标，刘汉的公司成为中标者之一。为了开发这个黄金矿，三家公司共同成立了木里县容大矿业有限公司，其中包括紫金矿业集团股份有限公司。刘汉旗下的公司投资一亿多元，占股38%。　　2007年，刘汉和一位吕姓老板合作，成立西藏阿里朋成矿业有限公司。开发西藏阿里地区几十万吨的锂盐矿。　　2009年左右，汉龙集团和四川地质矿产公司成立新公司，开采稀土矿，从2010年开始盈利。2012年11月，该新公司借ST天成（600392.SH）的壳上市。　　从2009年开始，刘汉开始大举进军国外的矿业。2009年下半年，刘汉的公司用2亿多美金收购了澳大利亚钼矿公司（MolyMineLtd.）55.49%的股份。　　2011年7月，汉龙集团向澳大利亚铀矿产商Bannerman资源公司提出收购，报价为1.53亿美元。Bannerman在纳米比亚拥有埃坦戈铀矿80%权益，并同时拥有另外一个铀矿。　　2011年3月，汉龙集团收购澳大利亚铁矿企业Sundance资源公司18.6%的股份，同年9月，双方达成全资收购协议，交易金额达16.5亿澳元，后经过调整，收购代价约为14亿澳元。Sundance资源公司在非洲中部的喀麦隆与刚果共和国的边界有一个铁矿石开采项目。2012年，刘汉访问喀麦隆，邀请喀麦隆总统率部长访问成都。　　2012年10月，国家开发银行曾承诺向汉龙集团提供10.22亿美元的贷款用于收购，但最终贷款未获批。2013年4月，刘汉案发后不久，该项收购终止。　　2013年初，刘汉在美国的一项钼矿投资计划被《华尔街日报》披露。汉龙集团投资8000万美元，购入通用钼业公司(GeneralMolyInc.)30%的股权，并承诺未来将为内达华州小镇尤里卡的采矿工程安排7.9亿美元的融资。　　该报道将刘汉描述为一名低调的中国矿业大亨。他此前收购澳大利亚钼矿公司的名声吸引了通用钼业公司在2010年主动上门，刘汉也乐于在钼价低谷之际出手。在采访中，刘汉向《华尔街日报》介绍了自己的一些传奇经历，并在被问及对钼矿市场的信心时，说出了后来被广为流传的一句话：刘汉从来都是赢家，刘汉从不失手。（待续）　　???相关报道：　　刘汉与五矿的暗黑交易　　【刘汉兴衰调查之一】兄弟红黑路　　【刘汉兴衰调查之二】斗法袁宝璟　　【刘汉兴衰调查之三】炒股金路集团内幕　　【刘汉兴衰调查之四】周滨的生意伙伴　　【刘汉兴衰调查之六】豪赌江湖　　【刘汉兴衰调查之七】末路狂奔	2014年02月25日07:54
100652919	黑客出身的亿万富豪	比尔·盖茨（BillGates）760亿美元上世纪60年代后期，那时候的计算机价格昂贵，因此使用时间无比宝贵。那时候的比尔·盖茨将他的执着性格用在了窃取计算机使用时间上。在微软联合创始人保罗·艾伦（PaulAllen）的回忆录里，他记述了盖茨如何搞到了西雅图计算机中心公司（他们称之为C-Cubed）的一个管理员密码，并访问了一个包含用户账号信息的加密文件。他们希望利用这个可以免费使用计算机，但相反却被抓了个正着并被赶出了C-Cubed。来源：福布斯中文网1/8	NULL
100651913	航班去向不明警方开始调查机组人员	　　【财新网】（特派吉隆坡记者戴甜）就在马来西亚总理纳吉布在新闻发布会上宣布马航飞机是被人为驾驶偏离航道后，马来西亚官方已将其定性为刑事案件展开调查。　　3月15日下午14时20分，马来西亚总理纳吉布（NajibRazak）在吉隆坡举行的新闻发布会上介绍了MH370航班失联调查的最新进展。进一步的消息表明，马来西亚警方已经开始了对航班机长和副驾驶员的调查。　　飞机踪迹：南北两条走廊　　纳吉布表示，根据最新得到的原始卫星数据和此前的军用一次雷达（primaryradar）数据，可以确认MH370航班在与民航控制系统失去联系后折返，向西穿越马来半岛，随后向西北飞行。雷达数据显示该机曾到达马六甲海峡北部。　　纳吉布表示，调查显示，该飞机上的设备最后一次与卫星联络是在3月8日当天上午8时11分。调查人员仍在计算飞机此后可能继续飞行的距离。　　根据马来西亚航空此前提供的时间信息，此时距离该机0时41分起飞已过去七个半小时。　　纳吉布称，数据显示,飞机最后一次与卫星联络时，位置可能落在如下两个走廊区域内：一条北部走廊从哈萨克斯坦、土库曼斯坦边境延伸到泰国北部；另一条南部走廊则从印度尼西亚延伸到印度洋南部。纳吉布说明称，根据此类卫星数据，无法确定飞机的准确位置。　　据《纽约时报》报道，参与调查人士透露，这两个走廊是根据卫星通讯公司Inmarsat的工程师的计算推导出的。尽管MH370航班所装载的卫星通讯设备型号很老，并没有GPS全球定位系统，但是工程人员依然通过3颗Inmarsat卫星与飞机之间的联络推算出了这两条走廊。这名人士透露，根据目前得知的飞机路线，调查人员十分倾向于飞机会出现在南部走廊的范围内。他说：“美国海军不会去哈萨克斯坦的”。　　纳吉布发布的飞机下落信息，确认了此前多家英语媒体（路透社、《华尔街日报》、《纽约时报》、CNN等）报道内容的真实性，不过，飞机下落的两条走廊则是一项全新信息。　　据此，纳吉布表示，将会结束在南中国海（SouthChinaSea）的搜救工作。　　失联原因：故意的人为行动　　纳吉布还在发布会上确认，经过调查，该飞机上的通信寻址与报告系统（ACARS）在飞越马来半岛东岸之前被切断，随后应答器（Transponder）在马来西亚和越南空管边界处被关闭，这些调查结果“符合飞机上某些人采取故意行为的情况”。飞机的飞行动作也与“故意行为”一致。　　此前一天，一些美国官员和熟悉相关调查的人员曾经向《纽约时报》透露，MH370航班在与地面空管失去联络后，曾经经历了剧烈的高度变化，并且多次转变航向，显示仍有驾驶员操纵飞机。　　此外，马来西亚警方还搜查了53岁的失联客机机长查哈里亚沙阿(ZaharieAhmadShah)所居住的社区。目前。马来西亚警方拒绝对此发表评论，但表示将周日晚间举行新闻发布会。据CNN报道，两辆警车还出现在副驾驶员哈米德（FariqAbHamid）的家附近，运走了很多用购物袋装着的物品，但并不清楚这些袋子是否是从他家中运出的。　　不过，纳吉布在新闻发布会上表示，尽管媒体报道称飞机确认被劫持，但官方仍在调查飞机失联的所有可能性。他表示，事故调查将重新聚焦在飞机上的机组人员和乘客身上。　　在介绍调查和搜救情况时，纳吉布强调，此次情况“前所未有”，马方依照可证实的信息行动，追随所有可靠的线索，其中一些线索“走进了死胡同”（havelednowhere）。　　在结束发言后，纳吉布没有回答问题，直接离开了会场。中国驻马来西亚大使黄惠康也在发布会现场听取了声明。　　马来西亚方面预定在下午5时30分再次召开新闻发布会，准备安排问答环节，并作技术方面解答。但该场发布会在还剩20分钟开始时突然被取消，理由是没有更新的信息需要发布。■　　附：马来西亚总理纳吉布新闻发布会声明全文　　PMNajibRazak’sPressStatementonMH370　　SevendaysagoMalaysiaAirlinesflightMH370disappeared.Werealisethisisanexcruciatingtimeforthefamiliesofthoseonboard.Nowordscandescribethepaintheymustbegoingthrough.Ourthoughtsandourprayersarewiththem.　　Ihavebeenappraisedoftheon-goingsearchoperationroundtheclock.Atthebeginningoftheoperation,Iorderedthesearchareatobebroadened;IinstructedtheMalaysianauthoritiestoshareallrelevantinformationfreelyandtransparentlywiththewiderinvestigationteam;andIrequestedthatourfriendsandalliesjointheoperation.Asoftoday,14countries,43shipsand58aircraftareinvolvedinthesearch.Iwishtothankallthegovernmentsfortheirhelpatsuchacrucialtime.　　Sincedayone,theMalaysianauthoritieshaveworkedhand-in-handwithourinternationalpartnersincludingneighbouringcountries,theaviationauthoritiesandamultinationalsearchforcemanyofwhomhavebeenhereonthegroundsinceSunday.　　Wehavesharedinformationinrealtimewithauthoritieswhohavethenecessaryexperiencetointerpretthedata.Wehavebeenworkingnonstoptoassisttheinvestigation.Andwehaveputournationalsecuritysecondtothesearchforthemissingplane.　　Itiswidelyunderstoodthatthishasbeenasituationwithoutprecedent.　　Wehaveconductedsearchoperationsoverland,intheSouthChinaSea,theStraitsofMalacca,theAndamanSeaandtheIndianOcean.Ateverystage,weactedonthebasisofverifiedinformation,andwefollowedeverycrediblelead.Sometimestheseleadshavelednowhere.　　Therehasbeenintensespeculation.Weunderstandthedesperateneedforinformationonbehalfofthefamiliesandthosewatchingaroundtheworld.Butwehavearesponsibilitytotheinvestigationandthefamiliestoonlyreleaseinformationthathasbeencorroborated.Andourprimarymotivationhasalwaysbeentofindtheplane.　　Inthefirstphaseofthesearchoperation,wesearchednearMH370’slastknownposition,intheSouthChinaSea.Atthesametime,itwasbroughttoourattentionbytheRoyalMalaysianAirForcethat,basedontheirprimaryradar,anaircrafttheidentityofwhichcouldnotbeconfirmedmadeaturnback.TheprimaryradardatashowedtheaircraftproceedingonaflightpathwhichtookittoanareanorthoftheStraitsofMalacca.　　Giventhiscredibledata,whichwassubsequentlycorroboratedwiththerelevantinternationalauthorities,weexpandedtheareaofsearchtoincludetheStraitsofMalaccaand,later,totheAndamanSea.　　EarlythismorningIwasbriefedbytheinvestigationteamwhichincludestheFAA,NTSB,theAAIB,theMalaysianauthoritiesandtheActingMinisterofTransportonnewinformationthatshedsfurtherlightonwhathappenedtoMH370.　　Basedonnewsatelliteinformation,wecansaywithahighdegreeofcertaintythattheAircraftCommunicationsAddressingandReportingSystem(ACARS)wasdisabledjustbeforetheaircraftreachedtheEastcoastofpeninsularMalaysia.Shortlyafterwards,neartheborderbetweenMalaysianandVietnameseairtrafficcontrol,theaircraft’stransponderwasswitchedoff.　　Fromthispointonwards,theRoyalMalaysianAirForceprimaryradarshowedthatanaircraftwhichwasbelievedbutnotconfirmedtobeMH370didindeedturnback.ItthenflewinawesterlydirectionbackoverpeninsularMalaysiabeforeturningnorthwest.Upuntilthepointatwhichitleftmilitaryprimaryradarcoverage,thesemovementsareconsistentwithdeliberateactionbysomeoneontheplane.　　Today,basedonrawsatellitedatathatwasobtainedfromthesatellitedataserviceprovider,wecanconfirmthattheaircraftshownintheprimaryradardatawasflightMH370.Aftermuchforensicworkanddeliberation,theFAA,NTSB,AAIBandtheMalaysianauthorities,workingseparatelyonthesamedata,concur.　　Accordingtothenewdata,thelastconfirmedcommunicationbetweentheplaneandthesatellitewasat8:11AMMalaysiantimeonSaturday8thMarch.Theinvestigationsteamismakingfurthercalculationswhichwillindicatehowfartheaircraftmayhaveflownafterthislastpointofcontact.Thiswillhelpustorefinethesearch.　　Duetothetypeofsatellitedata,weareunabletoconfirmthepreciselocationoftheplanewhenitlastmadecontactwiththesatellite.　　However,basedonthisnewdata,theaviationauthoritiesofMalaysiaandtheirinternationalcounterpartshavedeterminedthattheplane’slastcommunicationwiththesatellitewasinoneoftwopossiblecorridors:anortherncorridorstretchingapproximatelyfromtheborderofKazakhstanandTurkmenistantonorthernThailand,orasoutherncorridorstretchingapproximatelyfromIndonesiatothesouthernIndianocean.Theinvestigationteamisworkingtofurtherrefinetheinformation.　　InviewofthislatestdevelopmenttheMalaysianauthoritieshaverefocusedtheirinvestigationintothecrewandpassengersonboard.Despitemediareportsthattheplanewashijacked,Iwishtobeveryclear:wearestillinvestigatingallpossibilitiesastowhatcausedMH370todeviatefromitsoriginalflightpath.　　Thisnewsatelliteinformationhasasignificantimpactonthenatureandscopeofthesearchoperation.WeareendingouroperationsintheSouthChinaSeaandreassessingtheredeploymentofourassets.Weareworkingwiththerelevantcountriestorequestallinformationrelevanttothesearch,includingradardata.　　Asthetwonewcorridorsinvolvemanycountries,therelevantforeignembassieshavebeeninvitedtoabriefingonthenewinformationtodaybytheMalaysianForeignMinistryandthetechnicalexperts.IhavealsoinstructedtheForeignMinistrytoprovideafullbriefingtoforeigngovernmentswhichhadpassengersontheplane.　　Thismorning,MalaysiaAirlineshasbeeninformingthefamiliesofthepassengersandcrewofthesenewdevelopments.　　Clearly,thesearchforMH370hasenteredanewphase.Overthelastsevendays,wehavefollowedeveryleadandlookedintoeverypossibility.Forthefamiliesandfriendsofthoseinvolved,wehopethisnewinformationbringsusonestepclosertofindingtheplane.　　	2014年03月15日14:47
100648235	河北唐山一化工厂发生爆炸	3月7日11时25分，河北唐山开滦（集团）化工有限公司乳化车间发生爆炸，截至14时，1名工人被救出，正在医院抢救，其它12名失踪工人正在搜救中。目前，救援正在进行中。乳化车间主要生产乳化炸药，乳化炸药是矿山开采用的一种防水炸药。图片来源@央视新闻1/4	2014年03月07日15:41
100648634	失联航班乘客家属在吉隆坡机场等待消息	当地时间3月8日，马来西亚吉隆坡国际机场的警察。CFP5/5	2014年03月08日15:57
100648763	中国派军舰参加马航失联航班搜救	经中央军委批准，3月8日晚11时50分，正在南沙海域执行任务的导弹护卫舰绵阳舰奉命起航赶赴失联海域，预计10日上午抵达。9日凌晨3时，海军两栖登陆舰井冈山舰也从湛江军港紧急起航赶赴失联海域参与救援，将在11日上午抵达。图为井冈山舰资料图。1/2	2014年03月09日09:31
100652898	国务院60个部门公布“权力清单”	　　【财新网】（实习记者盛梦露）3月17日，国务院审改办在中国机构编制网公开了国务院60个部门的“权力清单”，涉及正在实施的行政审批事项共1235项。按要求，各部门将不得在清单之外实施行政审批。　　其中，税务总局保留的审批事项最多，有87项；港澳办、侨办、台办、安全部、国资委均只保留了一项行政审批事项。就保留的行政许可事项而言，证监局、民航局并列最多，有53项；非行政许可审批项目，税务总局以80项名列第一；林业局第二，有39项。　　安全部、保密局和密码局系首次公开权力清单。之前，上述三个部门因没有官方网站从未公布。　　国务院审改办表示，此次公开的汇总清单并不是对现有行政审批事项予以固化。国务院审改办将在听取社会各方面意见的基础上，进一步推动行政审批事项的取消和下放。为此，汇总清单除公布行政审批事项的项目编码、审批部门、项目名称、设定依据、审批对象，还设置了在线意见提交功能。　　“权力清单”今年首次出现在政府工作报告中。新华社引述国务院审改办有关负责人表示，这“是中央政府加快权力清单公布，大力推进职能转变的重要举措”。　　该负责人强调，今后，各部门将不得在公布的清单之外实施行政审批，不得对已取消和下放的审批项目以其他名目搞变相审批，坚决杜绝随意新设、边减边增、明减暗增等问题，努力做到让市场主体“法无禁止即可为”，让政府部门“法无授权不可为”。　　2013年11月，十八届三中全会《中共中央关于全面深化改革若干重大问题的决定》中提出，推行地方各级政府及其工作部门权力清单制度，依法公开权力运行流程，完善党务、政务和各领域办事公开制度，推行决策公开、管理公开、服务公开、结果公开。　　2014年初，国务院总理李克强在各级会议上多次提出要逐步建立各级政府的权力清单制度。2014年3月13日，国务院总理李克强在全国两会记者见面会上表示，今年要继续推进简政放权，而且要加快推进“权力清单”公布，界定权力的边界，防止滥用权力。　　一年以来，中央政府下放、取消审批事项达416项。　　不过，全国政协常委、中央财经领导小组办公室副主任陈锡文在今年两会期间表示，“很多取消的东西，坦率来说是已经不实行的。看起来取消了很多，生活中没感到有太大变化。”■	2014年03月18日12:07
100651304	国际媒体：MH370失联数小时后仍发出信号	　　【财新网】（记者王晶）多家国际媒体在3月13日晚报道称，在从民用雷达上消失数个小时后，通讯卫星仍收到MH370发来的微弱的电子信号。　　《华尔街日报》称，在失联飞机从民航雷达屏幕消失五小时之后，通讯卫星仍收到了来自该飞机的“断断续续的数据连接请求”（intermittentdata"pings"）。　　该报引用消息人士称，这说明至少在从民用雷达上消失后的几个小时里，该机不太可能因坠落或爆炸等原因被摧毁。　　路透社同样报道了该消息。报道称，尽管这些信号不能说明飞机飞向了哪里，但至少表明飞机在失联后，故障排除系统仍在工作，并具备通讯能力。　　路透社援引两名熟悉调查进展的人士的话称，该系统大约每小时发送一次“连接请求”（"pings"），但此类信号不能证明飞机是在空中还是陆上。　　美国广播公司（ABC）则报道称，不具名的美国官员告知ABC记者，调查人员认为飞机的数据报告系统和应答器（transponder）是分别在3月8日凌晨1点07分和1点21分关闭的，他们相信其中有“人工干预”（manualintervention）。　　CNN则援引一名美国高级官员的话称，根据已知的雷达数据和飞机燃油情况，飞机有飞到印度洋的可能性。美国全国广播公司（ABC）则报道称，美军已派出“基德号”驱逐舰赶往印度洋海域，寻找飞机踪迹。　　美国白宫发言人卡尼（JayCarney）在13日表示：“我的理解是，根据一些未必是结论性的新信息，将会在印度洋上增加新的搜索领域，我们正在就部署适当的资源咨询国际伙伴。”■	2014年03月14日09:45
100648768	越南军机发现油迹	据美国有线电视新闻网报道，越南一位官员告诉记者称，越南飞机在越南和马来西亚重叠水域的表面发现疑似“油污”和碎片的物体。另据美联社和华尔街日报报道，一架参与搜救的越南飞机在马航客机疑似失去联系的越南南部海域上，发现了两处浮油带。各方消息不一。9日凌晨，马航在北京的第二场发布会中称尚没有得到任何MH370航班去向的确实消息，越南方面发现的疑似飞机失事的油迹，也并未确认与该航班有关。CFP1/4	2014年03月09日09:44
100642302	【刘汉兴衰调查之一】兄弟红黑路	　　【财新网】（记者罗洁琪）熊猫牌香烟——上海的老牌特供，是49岁的刘汉和他44岁的弟弟刘维（曾用名刘勇）共同的爱好。只不过，刘维除了抽香烟，还常常在歌舞厅和几个警官和检察官一起吸K粉，被一群“小弟”前呼后拥。　　上世纪八十年代，刘氏兄弟俩一起从四川省广汉市雒城镇摸爬滚打出来。二十多年后，刘汉成为身家逾百亿的富商，深谙政商之道，既是四川汉龙集团有限公司董事局主席，也是连续两届的四川省政协常委。刘维则是在广汉持枪混江湖的“哥老倌”（四川方言，指领头混社会的人），曾为刘汉摆平来自“黑道”的威胁，并为他提供保镖。兄弟俩“黑白异途”，却手足情重，命运交缠。　　2010年，《华尔街日报》曾就矿业投资采访刘汉，他说，“刘汉从来都是赢家，刘汉从不失手。”如今看来，他失算了。　　2014年2月20日，湖北省咸宁市检察院提起公诉，指控刘汉、刘维等36人组织、领导、参加黑社会性质组织、故意杀人、包庇、纵容黑社会性质组织等21项罪名。其中，刘汉、刘维涉及15个罪名。　　几乎同时，包括中央电视台、新华社和人民日报等在内的官方媒体一齐发炮，对该案进行了不寻常的密集报道和评论，声称揭秘刘汉兄弟“涉黑犯罪内幕”，强调查办此案彰显了中央“反腐打黑”的坚定态度，并称刘汉集团背后的“保护伞”也将随之公之于众并受到制裁。　　官媒的报道透露，从2013年3月开始，“在党中央的坚强领导下，公安部直接指挥北京、湖北、四川多地警方联手作战”，历时10个月侦办。央视甚至播出了刘汉在看守所做供述的画面。　　目前，该案尚未开庭审理，司法判决尚未做出，涉黑与否，罪与非，仍有待检方公开指控的证据和刘氏两兄弟及其余34名被告人的充分辩解。然而，关于刘氏两兄弟，还有更多尘封的政商故事，更能诠释我们身处的年代。　　刘氏五兄妹，在一个中学校园长大。刘汉的父亲在广汉市北外中学教物理，还承包了学校的小卖部帮补营生。　　广汉市为隶属于德阳市的县级市，位于成都平原腹心地带，南北相距成都市区和德阳市区仅一二十公里，自古有“蜀省之要衢，通京之孔道”之说。　　刘家5个孩子，老大刘健，工人出身，后来经营游戏机厅，并迷于吸毒；二姐刘小平，在刘汉的汉龙集团任财务总监，后任职董事局副主席；老三是刘汉；老四叫刘英；老五是刘维，曾用名刘勇。　　刘维在高一时即辍学，摆摊卖冰棍和零食。1989年，20岁的刘维在广汉市上南街开火锅店，曾被当地的“操哥”（四川方言，指混社会的人）砸场。　　上世纪90年代初，刘维在广汉市经营卡拉OK厅和电子游戏机厅。曾有“操哥”陈富伟前来滋事，将其保安的脑袋砍伤，并威胁刘维不得报警。后来，刘维的势力增强，不仅有一群“小弟”为他持枪看“场子”，甚至后来任德阳市公安局刑警支队政委的刘学军、任什邡市（德阳市下属另一县级市）检察院副检察长的刘忠伟和任德阳市公安局装备财务处处长的吕斌，都曾现身歌舞厅，和刘维一起吸K粉。刘维后来被当地人称为“哥老倌”和“勇哥”。　　在娱乐和赌博业的江湖，约5年间，刘维挣了2000多万元。他在崛起过程中，涉嫌多宗命案。2000年，刘维成立广汉市乙源实业发展有限公司，为刘汉的公司代理丰谷酒的销售，也涉足娱乐业、赌博、建材和砂场等。　　和弟弟不同，善于投资和钻营人际关系的刘汉，走了一条有政治荣耀的经商之路。　　1984年，19岁的刘汉成为广汉市化工总厂机修车间工人。1986年，他离开工厂，开始贩卖木材。他知道，“木材生意不是在差价上挣钱，而是尺寸上挣钱”。大半年间，他挣了几万元，获得人生第一笔财富。　　刘汉用这笔收入，找了个“门脸房”开门市部，继续做木材和建材生意。为了跻身“主流市场”，他通过母亲的同学，找到广汉市体改委的领导，把门市部挂靠在体改委下属的广汉平原实业有限公司名下。挂靠成功后，他每年都给那个领导送几千块钱。　　1991年，刘汉还就读于四川联合大学的经济管理专业，获得专科文凭。　　在刘汉的人生中，一次华丽的转身是在1993年进入期货市场。当时，一个期货交易大厅的业务员告诉他，做期货比做现货生意好挣钱。果然，刘汉进入期货市场后迅速积累了巨额资本，在商界顺风顺水，在政界左右逢源，但也因此结怨于一场刻骨的仇恨。　　刘汉的第一笔期货生意是在成都机械大厦，他买了10万元的锌，但是没挣到什么钱。1993年，他转战上海做期货。那一次，他带了200万元买铜，挣了2000万元左右。　　1995年，刘汉在成都做高粱期货，仅仅三四个月，就挣了2亿元左右。他还曾经做过钢材的期货。为了和钢材厂的副厂长搞好关系，在大家一起玩“斗地主”时，刘汉故意输给厂长两万多元。　　1994年，绵阳市的市长邀请已跻身富商行列的刘汉投资当地的河堤修复工程。市长承诺，河堤修好后，围出来的约300亩土地给刘汉开发。在那块地上，刘汉开发了益多园小区。这笔交易，可能是刘汉和政府官员的首次交好。　　1995年，刘汉斥资1.2亿元，投资于绵阳城边涪江江心的小岛村开发房地产。1997年，他在绵阳市注册了汉龙集团公司，注册资金1亿元，旗下有四川平原实业有限公司、益多园房地产开发有限公司和小岛开发建设有限公司。　　此后，刘汉陆续投资成立了汉龙高新技术有限公司、汉龙实业有限公司、绵阳市丰谷酒厂等公司。刘汉和政府的关系也日渐密切，其生意的范围扩展至太阳能、高速公路、天然气、水电站、城乡建设和矿业等，先后控制共计约70个公司，包括多家上市公司。据新华社报道，在案发前，刘汉等人的资产共计约400亿元。（待续）　　相关报道：　　刘汉与五矿的暗黑交易　　【刘汉兴衰调查之二】斗法袁宝璟　　【刘汉兴衰调查之三】炒股金路集团内幕　　【刘汉兴衰调查之四】周滨的生意伙伴　　【刘汉兴衰调查之五】矿业大亨　　【刘汉兴衰调查之六】豪赌江湖　　【刘汉兴衰调查之七】末路狂奔	2014年02月24日14:36
100652866	人民币贬值将刺破房地产泡沫	　　【财新网】（专栏作家洪灏）“否之匪人，不利君子贞，大往小来。”——《周易》天地否。　　人民币估值已达到均衡点；警惕交易波动性从汇率市场溢出。上周末，央行突然宣布扩大人民币兑美元汇率浮动幅度，每日波幅上限从1%扩大至2%。这是一个历史性时刻。然而，市场的焦点仍然在关注克里米亚的公投结果。同时，由于人民币在过去数周已经快速贬值，国内市场对央行的重要公告反应似乎有些平淡。市场对公告的解读仍然大都集中在如何从扩大汇率波动演绎出日后的货币政策发展。然而，在从央行对媒体问答稿件的字里行间，我们认为央行这次的举措背后对大类资产定价有更深层意义。　　央行于新闻稿中表示经常账户盈余相对于GDP比例已下降至2.1%，因此，“国际收支趋于平衡，人民币汇率不存在大幅升值的基础”。另一方面，中国“财政金融风险可控，外汇储备充裕，抵御外部冲击的能力较强，人民币汇率也不存在大幅贬值的基础”。简而言之，根据央行的意见，人民币的估值似乎已达到了一个长期均衡点。值得注意的是，此说法与中国生产力增长速度已然见顶的时间吻合。　　假如我们的解读是正确的，那么自2005年7月汇率改革以来所展开的人民币升值趋势终于将告一段落。其实，即使对于美元及欧元等主要国际货币来说，2%的单日汇率波幅也并不常见。所以中国央行扩大汇率波幅至2%表示人民币的汇率定价从此以后将大致由市场主导。　　我们注意到，自2012年底开始，人民币每日升值的幅度持续逼近1%的上限——直至今年2月初人民币套利交易大行其道，而央行被迫出手干预。　　市场最终将如何解读央行周末的公告仍尚未可知。但考虑到汇率市场里价格动量往往持续，可以想象的是人民币在未来一段日子有可能会继续贬值，甚至可以每日逼近2%的波动上限，以扭转在过去一年多以来的单向升值的交易模式。这种情况可能维持至央行再次出手纠正市场预期为止。市场预期需要重整，而在交易波幅倍增的情况下，我们几乎可以肯定的是汇率市场的波动性将上升。我们于之前的报告《乌克兰会如何影响中国市场》中写道，离岸人民币的价格较在岸人民币隐含了更多的波动性预期。市场现时应为汇率大幅波动作好准备，并警惕汇率市场波动性随时溢出到其他资产类别。　　人民币贬值将刺破房地产泡沫。此外，假如人民币升值的预期发生逆转，那么对于投资者长期来说还有更多需要担心的。一般来说，一个国家可通过廉价的汇率推动出口，以增强外汇储备。然后，国家可以开始让货币升值，以便进行大规模的资产价值重估。一旦汇率升值至接近平衡点，资产价值重估将会停止。这些汇率调整的步骤反映出财富如何通过廉价的货币制度首先从国外生产商转移至国内生产商，然后通过资产重估转移至上层阶级，最终转移至大部分人——资产泡沫的最终接捧者。　　这个过程听起来耳熟能详。2005年7月，当中国开始进行人民币升值，中国的外汇储备只有8000亿美元，但现在这个数字已增长四倍至3.8万亿美元。与此同时，中国的房地产价格已急升至泡沫水平。若以史为鉴，人民币贬值将会是中国资产价格上涨的强大阻力，这些资产主要是房地产，而股票也将难以幸免（焦点图表1）。　　一些市场人士开始憧憬存款准备金率下调，甚至降息。我们并非完全不同意这种观点。然而，这一举措的意义只能冲销外汇占款下降而引致的货币环境从紧的局面。此外，经济增速相对预期大幅放缓的程度是2008年四季度以来最显著的。若这样的经济放缓不是来自于政府“调结构”政策的主导，那么按照过去的经验来说政府或者是会出手干预的。然而，现时社会就业状况良好，有些地区甚至出现劳动力短缺，而资金面未见紧张。随着中国消费的崛起，当下中国的经济结构能够在较低的经济增长情况下吸纳更多的劳动力，解决就业问题并不需要想以往那样依靠盲目的增长。中国管理层在两会期间亦强调保就业才是经济发展的最终底线，而不完全是经济增长。这些迹象表明了短期内下调存款准备金率的可能性有限。即使中国政府最终下调存款准备金率，亦只是为了抵消外汇占款的减少，并不能改变经济放缓的轨道。　　短期而言，市场环境依然不利于风险资产。克里米亚的公投将很有可能使俄罗斯与西方国家形成对峙的局面。若人民币贬值的预期形成，人民币升值过程中出现的一切将会逆转，并会触发房地产泡沫的破灭。中国的股票市场最近的确一直面临抛售压力，但风险却未得到充分释放。　　此外，在市场抛售工业金属的过程中，部分交易员却增加了持仓以博降低仓位的平均成本。许多铁矿石交易是裸多盘，并未进行风险对冲，因而或将面临着进一步下行的风险（请参阅我们最近发表的报告：《人民币、房价是显着的市场风险》）。或有的短暂的技术性反弹操作性很弱，难以吸引大基金参与其中，因此这样的反弹只能转瞬即逝。最坏的情况尚未到来，我们还是不要抓飞刀了吧。■	2014年03月18日10:32
100647336	习近平参加上海代表团审议政府工作报告	3月5日，北京，习近平参加上海代表团审议政府工作报告。图片来源：@新华视点1/3	2014年03月05日19:09
100648645	“终结”的MH370	当地时间3月8日，马来西亚雪邦，失联航班乘客家属抵达吉隆坡国际机场等候区。LaiSengSin/东方IC6/76	2014年03月25日08:38
100646087	2014两会委员吃什么	3月2日，北京，政协经济界和农业界委员的驻地，委员们吃自助餐，用餐以简单为主，餐品比往年少了许多。凉菜三种，水果两样，肉菜有鸡腿，扣肉和小炒，没有酒。现场制作的有担担面、糊塌子。江心/CFP1/7	2014年03月03日20:18
100636362	揭秘千亿金库内部	指纹识别门5/15	NULL
100648503	昆明暴恐“头七”遇难者家属祭奠亲人	3月7日是昆明暴恐事件遇难者的“头七”，昆明站广场金牛旁，逝者家属失声痛哭，并为逝者烧纸钱哀悼。王苡萱/CFP1/4	2014年03月07日21:51
100651212	汉龙前高管肖辉申请香港庇护	　　【财新网】（特派香港记者王端实习记者葛菁）四川汉龙集团旗下的汉龙矿业投资有限公司总经理肖辉今天（3月13日）在香港法庭上透露，他已在香港提出庇护申请（Asylum）。肖辉面临澳大利亚当局的104项控罪，涉及与汉龙集团相关的内幕交易。　　肖辉今年39岁，由于涉嫌违反澳大利亚证券法，他今年1月入境香港时被拘捕，而当时的他早已“变身”成一名金融才俊——香港东英金融集团的副总裁，其化名为“肖迦一”。　　澳大利亚自2011年9月以来一直对肖辉进行追捕，目前正寻求引渡肖辉。引渡聆讯今天上午再次在香港东区裁判法院开庭，肖辉的保释申请再次遭到驳回。目前肖辉还押候审。　　肖辉透露稍早前已向香港当局提出庇护申请，但其律师并未透露申请庇护的理由。　　不过，香港庇护申请一旦受理，可能长达几年的时间。香港大学法学院教授杨艾文指出，在香港，庇护申请可以被更确切地描述为免遣返或免交回申请。香港有三种免交回保护，包括酷刑免遣返；残忍不人道对待免遣返和迫害免遣返。　　肖辉2011年在澳大利亚未如期到当地法院应讯，其后他化名“肖迦一”于2012年6月在香港加入东英金融集团工作，职务是集团副总裁。　　在中国兰州网上，还可以查询到，2012年9月25日，兰州市委书记陆武成，市委副书记、市长袁占亭会见了香港东英金融集团副总裁肖伽一一行。肖辉在东英任职期间总共完成了规模8亿美元的并购活动和大约10亿美元的项目融资。　　东英早前发声明指，对肖氏之前在澳大利亚的行为并不知情。东英金融集团主席张高波13日向财新记者表示，肖辉目前已经离开该集团。　　2011年7月，汉龙矿业提出以12亿澳元收购Sundance资源有限公司，后者在非洲喀麦隆与刚果边界有一个铁矿石开采项目。另一家在非洲南部国家纳米比亚拥有铀矿项目的Bannerman资源有限公司，也收到了来自汉龙的收购要约。然而，在汉龙公布收购前夕，两家公司股价飙升，引发澳大利亚证券管理机构对汉龙矿业多名高管涉嫌内幕交易的调查。　　去年2月，前汉龙矿业副总裁朱博施被澳大利亚新南威尔士州最高法院判处两年零三个月监禁；朱博施此前已对内幕交易指控认罪。　　今年2月，汉龙集团董事长刘汉因涉黑被中国司法部门提起公诉。目前尚不知肖辉内幕交易案是否与刘汉有关联。　　肖辉引渡案将于3月24日再次于香港法院聆讯。■	2014年03月13日20:59
100655181	鲁昕：600多所本科院校转做职业教育	　　【财新网】（记者蓝方常红晓）中国高等教育将发生革命性调整。2000年后600多所“专升本”的地方本科院校将逐步转型，做现代职业教育，重点培养工程师、高级技工、高素质劳动者等。2月底，国务院常务会议已就此做出决定，相关政策性文件即将出台。　　3月22日上午，2014年中国发展高层论坛上，教育部副部长鲁昕在演讲中谈到中国教育结构调整和现代职业教育时如此透露。　　据鲁昕介绍，中国现有近2500所高等院校，改革完成后，将有1600-1700多所学校转向以职业技术教育为核心；同时，在培养模式上，这些高校将淡化学科，强化专业，培养技术技能型人才。　　调整的重点是1999年大学扩招后“专升本”的600多所地方本科院校。这些地方高校，将逐步转型做现代职业教育。如此以来，中国高等教育的人才培养结构将发生重大变化，培养技术技能型人才的高校比重将从现有的55%提高到70%—80%。　　据鲁昕介绍，今年2月26日，国务院常务会议已通过“关于加快发展现代职业教育的决定”，即将公布。今后，中国将以建设现代职业教育体系为突破口，对教育结构实施战略性调整，而这一调整集中在高中和高等教育阶段。　　她指出，中国首先将建设一个以就业为导向的现代职业教育体系。从教育模式、教育机制到人才培养模式，均以就业为导向。简单来说，是“学中做、做中学”。其次，建立系统化培养技术技能人才的体系，目标是面向生产一线培养以技术为基础的技能型人才。　　鲁昕强调，今后将充分发挥市场的作用，用市场的力量来办学。今后，各类职业学校可以实行股份制、混合所有制，让教师和企业管理人才、校长和企业CEO可自由转换身份，打造灵活的办学体制。　　据她介绍，中国当前的职业教育是个“断头桥”，培养出的技术技能人才，学制短，不能继续攻读更高学位。今后，中国将搭建人才培养的“立交桥”，让学生可以从中等职业一直学到专科教育、到本科教育到专业硕士，甚至专业博士。■　　	2014年03月22日14:58
100651469	长沙街头发生砍人事件致6人死亡	长沙市公安局官方微博@长沙警事发布消息称，3月14日上午10时15分许，长沙市开福区伍家岭沙湖桥菜市场内，两名摊贩因纠纷引发互殴，其中一人被对方砍死，行凶歹徒逃跑过程中砍伤四名无辜群众，其中两人当场致死。长沙警方快速反应，当即赶到现场处置，-现场击毙行凶歹徒，并将两名-伤-者-及--时-送-往医院救治，后经抢救无效死亡。图片来源@微博网友1/10	2014年03月14日11:59
100649040	NASA发布疑似马航航班失事地点高清地图	据美国宇航局发布的图片显示，北京时间3月9日11:35，NASA的卫星Terra/MODIS拍摄了相关海域的一张250米精度的卫星图像，图片定位约在104.6E，6.1N，红圈疑似马航370失事地点。图片来源：NASA网站1/3	2014年03月10日10:09
100648915	马航失联航班搜救画面	3月9日，马来西亚海岸警卫队船只搜寻马航失联航班。CFP1/4	2014年03月09日19:00
100642596	【刘汉兴衰调查之四】周滨的生意伙伴	　　【财新网】（记者罗洁琪）除了投资股市，刘汉还投资水电站行业，交易金额至少20余亿元。　　2000年左右，汉龙集团收购了四川黄龙电力有限公司。该公司下面有两个小水电站，装机容量共7.7万千瓦。收购之后，汉龙集团兴建了天龙湖水电站和金龙潭水电站，共计36万千瓦的装机容量。　　自从2002年何冰出事后，金路集团股票大跌，刘汉的炒股生意受到重创，汉龙集团的资金周转出现困难。2005年，刘汉卖掉了黄龙电力公司和两个新建水电站。此前，他曾想将其卖给堂兄刘沧龙掌控的四川宏达化工股份有限公司，但被拒绝。　　据媒体公开报道，从汉龙集团受让天龙湖水电站和金龙潭水电站的买家是四川汇日电力公司。该公司是一家外商独资企业，其出资人的注册地为英属维尔京群岛，法定代表人叫陈炜民。至于其实际控制人，目前尚不明确。　　汇日电力以近5亿元的价格买进两座电站，不到两个月后，即以27亿元的价格转卖给大唐电力集团旗下的桂冠电力公司。这笔买卖事后受到四川省发改委的批评，认为刘汉事先没报批。为此，刘汉亲笔写了检讨书。　　卖掉黄龙电力公司及两个新建的电站之后，刘汉在四川阿坝州成立了毛尔盖电力有限公司，继续开发毛尔盖河流域内的三个电源点。根据规划，毛尔盖电力有限公司将建设一个“一库三级水电站’，即在三个电站的上游修一个水库，之后在这三个电源点建三个水电站，装机容量总共40多万千瓦。预计需要投资30多亿元。　　2005年，刘汉打算首先投资12亿元建设最下游的水电站，并且成立了兴鼎电力公司。此间，四川省发改委出台了限制政策，不同意汉龙集团拥有兴鼎电力公司全部的股权。　　于是，刘汉请商人周滨出面代持兴鼎电力公司20%的股份。后来，该项目得到了县、州和省三级发改委的同意，而且申请到了6亿元的银行贷款。到2009年，汉龙集团从周滨手中购回兴鼎电力公司20%的股权。据汉龙集团内部人士称，那笔股权交易没有付钱，只是履行了手续。　　2011年，兴鼎电力公司旗下18万千瓦的晴朗水电站建成并网发电。汉龙集团放出风声，要将之卖掉。中国电力投资集团公司旗下的贵州金元集团股份有限公司（下称贵州金元）派人前来成都和汉龙集团商谈，提出以22亿元的价格租用兴鼎电力公司建好的晴朗水电站，租期10年，等另外两个电站建成后，中电投一并收购。　　贵州金元的考虑是，中电投公司内部有考核要求，2011年的收益率要达到8%，如果当时将两个未建成的电站项目都买过去，无法实现当年的收益目标。　　刘汉认为，租赁方式可以减少约2亿元的税费负担，22亿元的价格也比较合适，欣然同意，双方签订租赁电站的协议。此外，在建的两个水电站由中电投公司投资，兴鼎电力公司负责建设，建成后全部转让给中电投公司。　　达成协议后，贵州金元公司即支付了19亿余元。当时，正值刘汉在澳大利亚投资收购铀矿产商Bannerman资源公司和铁矿企业Sundance公司的股权，急需巨额资金。　　汉龙集团把以租代购的情况报告给四川省发改委审批，但遭否决。经过多番协商，2013年春节前，汉龙集团和中电投签署了新协议，约定已经修好的晴朗水电站以每千瓦1.2万元的价格卖给中电投，总价约22亿元。第二个电站由中电投投资，汉龙集团建设，第三个电站由中电投投资并建设。后两个水电站，汉龙集团已经投入的约5亿元前期投资，未从中电投收回。　　在这一场22亿元的交易中，周滨的神秘身影只是闪现。不过，对于周滨，刘汉一直不乏攀附心态。　　2003年，周滨以2000万左右的价格，将位于四川省阿坝州九顶山的一个旅游项目转让给刘汉旗下的公司。据汉龙集团的一个内部人士称，那时候，好多人都打着领导的关系牌子到处骗人。她认为需要慎重，而且九顶山很偏僻，投资有很大风险，她估计那个旅游项目只值五、六百万元。可是，刘汉说，”只要不是太过分，就答应他。”她认为，刘汉做该笔交易，主要是为了维护和周滨的关系。（待续）　　相关报道：　　【刘汉兴衰调查之一】兄弟红黑路　　【刘汉兴衰调查之二】斗法袁宝璟　　【刘汉兴衰调查之三】炒股金路集团内幕　　【刘汉兴衰调查之五】矿业大亨　　【刘汉兴衰调查之六】豪赌江湖　　【刘汉兴衰调查之七】末路狂奔	2014年02月25日07:33
100653403	南京一男子酒后失手打死13岁女儿	3月18日深夜11：30，南京夫子庙附近小区，一名男子酒后殴打晚归家的13岁女儿。女儿口鼻出血后被送医院抢救回天乏术死亡。男子被夫子庙派出所控制。金哥/东方IC1/3	2014年03月19日10:29
100651130	刘汉与周滨的两次商业合作	　　【财新网】（记者罗洁琪）今年2月以来因涉黑等15项罪名被提起公诉的四川富商刘汉的故事，越来越多地为外界所知。　　在落马之前，刘汉是全球矿业知名淘金者之一，风光无限。在2010年接受美国媒体采访时，他还说过：“刘汉从来都是赢家，刘汉从不失手。”　　刘汉的确是商业上的常胜将军，新华社称其被抓前，坐拥资产达400亿元。刘汉也曾有过赔本买卖。不过他是有意为之。2004年，他从北京神秘富商周滨夫妇手上高价购入的四川茂县的一个旅游项目，就是一个典型的商业案例。周滨由此获利上千万。　　周滨妻子涉足旅游开发　　四川茂县位于阿坝藏族羌族自治州，2008年四川汶川大地震时，15名军人在这里跳伞，震区方才和外界取得联系。这也说明当地交通不便，包括旅游业在内的各项产业发展受限。　　茂县境内的九鼎山旅游风景区，交通就更差一些。从成都自驾到茂县，需耗时逾3个小时，而位于县城东南方向8公里的景区，只有骑马才能上去。　　2002年4月，包括黄婉在内的5名人士，在成都成立了四川超越有限公司（下称“四川超越”）。黄婉生于1971年9月，是中国著名地质学家黄汲清的孙女。　　黄汲清是中国大庆油田真正的发现者。他于1904年3月出生于四川省仁寿县，1928年毕业于北京大学地质系。1954年黄汲清奉调进京，在地质部地质普查委员会担任常务委员，同时还是燃料工业部石油管理总局顾问，石油管理总局后来升格为石油部。　　黄汲清有子黄渝生，黄渝生娶妻詹敏利，二人生下黄婉。黄婉成人后，嫁给了比他小几个月的周滨。周黄联姻给两家带来了名望、机遇和财富，今天回过头来看，此次联姻也成为中国反腐行动关注的一根线头（参见财新网特稿《拉古娜海滩的黄家》）。　　黄婉以房产作价人民币450万出资，在四川超越占有30%的股份。另外4人，按出资比例排序，分别是万梅华、徐晓晴、詹军和顾亚鸣。　　万梅华是第一任法人代表，她曾在四川省农业科教仪器公司工作。徐晓晴当时供职于西南航空公司。而黄、詹、顾三人，均来自北京。财新记者无法和上述人物取得联系，亦无法得知股东之间互为何种关系。　　由知情人士提供的资料看，四川超越正式成立于2002年4月30日。而早在正式成立半个多月前，这家公司就和茂县人民政府签订了九鼎山旅游景区开发协议。四川超越拥有独家开发经营权，为期50年。　　景区开发工作半途而废　　周滨毕业于西南石油大学，攻读科技英语专科。这座大学当时位于四川南充，2010年才迁址到了省会成都。周滨求学于四川，在本地以及石油系统，裙带关系众多（参见财新网特稿《吴兵“中旭阳光”股东迷雾》）。　　知情人士透露说，周滨父亲曾经禁止他在自己任职四川期间到蜀“折腾”。这是否就是黄婉而非周滨在四川超越持股的原因，目前不得而知。　　接下来，四川超越完成了一些前期工作，这些工作成果后来都打入资产包付诸交易：　　委托美国公司HelmanHurleyCharvatPeacock/ArchitecetsInc（下称“HHCP公司”）制作了规划设计图。该公司位于美国佛罗里达州奥兰多市，是世界上最大的主题旅游休闲业设计公司之一。网络资料介绍说，该公司设计作品包括迪斯尼乐园和喜来登酒店，案例遍布世界20多个国家。HHCP公司告诉财新记者：公司在美国总部完成了九鼎山项目土地使用的概念规划和突出核心区的总体规划，并且围绕设计进行过实地考察。“后来我注意到这个项目被转手卖出去了”，公司相关负责人在邮件中表示，“因为有人向我们打听，委托设计钱款是不是都付清了”。　　委托一名叫吕玲珑的摄影师拍摄了九鼎山画册。吕玲珑是四川省青年摄影家协会和成都市青年摄影家协会的创始人之一，创作集中在中国西部地区。吕玲珑告诉财新记者：四川超越出售画册的使用权和发行权，他并不知情。他说，实地拍摄时，四川超越支付过劳务费，但四川超越没有完整取得正式出版物的著作权。　　委托一名叫孟卫兵的导演拍摄了MTV风光片。孟卫兵的作品，多有在中央电视台播出，网络信息显示，他曾供职于北京电影制片厂。　　此外，超越公司还拥有一套缆车地质勘测资料和一个九鼎山互联网域名。该域名目前无法访问。　　刘汉公司受让景区开发权　　然而，景区建设止步于规划阶段。2004年10月，超越公司将度假开发权和上述无形资产，全部转让给了刘汉控制的四川汉龙（集团）有限公司（下称汉龙集团）。　　关于转让费用，出现了阴阳两个版本。据一名知情人士介绍，超越公司和汉龙集团书面合同显示的价格，是人民币350万元。而另一名知情人士则表示：确切的付款数目，达到了2000万元。　　对于这笔交易，汉龙集团内部多有疑虑。有一名公司内部人士称，当时好多人都打着领导的牌子到处骗人，公司人员实地考察后发现，景区位置偏僻，认为投资风险很大，估计该项目顶多只值五、六百万元。　　刘汉向她确认了周滨的身份。刘汉还说，“只要不是太过分，就答应他”。她认为，刘汉做该笔交易，主要是为了维护和周滨的关系。　　此次转让发生之前，万梅华将其持有四川超越45%的股权转让给了一个名叫尹平的成都男子。万梅华对外解释原因说：身体不适。当年万梅华54岁。　　财新记者查询得知，万梅华目前还在成都担任至少3家公司法人代表。其中，成都海利达能源投资有限公司的投资，来自北京浩盛益佳投资管理有限公司。后者由黄婉的母亲詹敏利和周滨的校友米晓东（参见财新网特稿《白手套米晓东》）分别持股。截至发稿，财新记者无法和上述人物取得联系。　　2005年9月，汉龙集团和由刘汉控制的四川汉龙高新技术开发有限公司组建了四川九鼎山景区旅游发展有限公司。蹊跷的是，该公司没有实际开展经营，并于2013年3月、刘汉被警方监视居住前夕，宣告清算、撤销。　　汉龙集团员工透露说，公司内部的解释是：公司一直没有实际得到九鼎山景区的门票经营权。　　周滨投桃报李代持股份　　周滨对刘汉投桃报李之举，发生在2006年。　　当年，刘汉计划在阿坝州毛儿盖河流域开发一库三级3个水电站，欲组建兴鼎电力有限责任公司（下称“兴鼎电力”）。　　刘汉在四川省发改委面前碰了壁。知情人士告诉财新记者：省发改委以保护资源为由，出台限制性规定，禁止刘汉控制的公司在兴鼎电力项目持有全部股权。对此，四川省发改委以刘汉案件即将审理为由，表示不便置评。　　障碍面前，刘汉请得周滨出面，代为持有兴鼎电力20%的股份。后来，该项目得到了县、州和省三级发改委的同意，而且申请到了6亿元的银行贷款。　　据汉龙集团内部人士透露：2007年2月兴鼎电力成立时，共有四家法人股东。其中一家叫北京旭晨投资有限公司（下称“北京旭晨”）的股东，以400万元出资占股20%，即来自周滨的安排。　　2009年6月，北京旭晨将股份转让给深圳汉利宏投资发展有限公司（下称深圳汉利宏）。汉利宏投资的老板范荣彰和刘汉是老友，二人相识于1994年。知情人士透露说：当年，刘汉随着四川绵阳市政府去柬埔寨考察，路过香港时，即由范荣彰负责接待。　　范荣彰后来成为刘汉到澳门赌博的引路人（参见财新网《刘汉兴衰调查之豪赌江湖》）。刘汉控制的金路集团股份有限公司（000510.SZ）在出售丰谷酒业集团公司股权时，也是范荣彰的深圳汉利宏出面帮助刘汉代为收购。　　知情人士介绍说：北京旭晨转让股份过程中，双方只是履行了交割手续，刘汉方面并未支付对价。她认为，这是周滨投桃报李，他自知在九鼎山项目中赚到逾千万。　　兴鼎电力全部股权于2013年年初、以近17亿元的价格转让他人。当年3月13日，刘汉被北京市公安局监视居住。■　　（财新记者王和岩对此文亦有贡献）	2014年03月13日17:24
100637151	中国9大土豪村	上海市闵行区七宝镇九星村，戴着“中国十大名村”、“华东最大市场村”等众多桂冠，在全国十大杰出“村官”吴恩福的驾驭下，媒体报道称，九星村12年间已培育出500多位千万富翁，涌现出4000多位创业老板。据称，停在九星村的车子牌照显示它们来自全国各地：冀、晋、蒙、辽、吉、黑、沪、苏、豫……看到这些，会使人感觉置身一个全国大市场。5/9	NULL
100648802	马航代表与乘客家属见面	3月9日，马来西亚航空公司代表在北京与马航客机失联事件的乘客家属见面。沈伯韩/新华社（手机拍摄）1/4	2014年03月09日13:00
100642618	【刘汉兴衰调查之六】豪赌江湖	　　【财新网】（记者罗洁琪）对富商巨贾来说，澳门是个好去处。刘汉也不例外。　　2006年，一个叫大卫的美国人慕名找到刘汉。大卫供职的美国赌博公司，是澳门威尼斯赌场的股东之一。当时他访问成都推介自己的赌场业务，刘汉收到了大卫的赴宴请柬。　　刘汉涉足澳门赌场，大概可以追溯到1990年代末。初期赌资都控制在几十万港币，而且刘汉几乎没怎么输过。然而在2006年，刘汉手风不顺，一个月左右的时间里，他输掉了港币4000万的赌码。　　在澳门，赌码分作两种。一种叫泥码，可以参赌，但不可以从赌场兑换现金；另一种叫现金码，顾名思义，可以兑换现金。刘汉参赌时，输掉的是泥码，赢回的是现金码，这就需要有人帮他把现金码换成泥码才方便继续参赌，这门生意叫做洗码。　　为刘汉提供洗码服务的是一个叫温娜的中年妇女。温娜50多岁，嫁给了一个常住澳门的内地男子。刘汉听温娜的手下说，在他流连赌场的1个月时间里，有输有赢，进进出出，通过温娜洗码的金额高达港币90亿元，温娜从中提取的佣金就高达七八千万港币。　　大卫有句话打动了刘汉。这个美国人承诺，给予刘汉3000万港元的授信，他只要出示身份证明，就可以从赌场借走筹码，他不仅可以自己玩，还可以自己洗码。　　2007年，刘汉和几个朋友光顾威尼斯赌场。按大卫的交待，他先从赌场借了1000万港币赌码。这次他运气极佳，离开时连赢钱代洗码佣金，一共带走了港币8000万元。刘汉用其中4000万元归还了温娜，剩下的钱，放在一个叫范荣彰的朋友那里。范荣彰也是本次涉黑犯罪的被告之一。　　范荣彰和刘汉相识于1994年。那年刘汉随绵阳市政府去柬埔寨考察，代表团途径香港时，范荣彰做东接待内地客人。后来两人在生意上相互关照，赌场上成为搭档。　　范荣彰给刘汉提供了另一项赌客必不可少的服务，就是转账渠道。如果刘汉赢了钱，赌场把港币换成人民币打到范荣彰在深圳的公司。或者，范荣彰支付港币给地下钱庄，钱庄再把人民币打到他在深圳的公司。钱到范荣彰的深圳公司后，范再转给刘汉。资金流动是双向的，如果刘汉输了，归还赌债的钱也需要通过范荣彰公司的渠道转出。　　刘汉的姐姐刘小平反对他赌博。她在刘汉公司主管财务。刘汉不好意思承认赌博，就常以个人借款或者对外投资名义，要求刘小平汇款给范荣彰。既有谎言在前，范荣彰害怕刘小平追问投资收益，于是总是躲着刘小平不敢见面。　　从2001年12月到2010年6月，刘汉通过范荣彰的渠道，将9.2亿人民币兑换成11亿港币，汇往境外用于偿还赌债。　　为刘汉偿还境外赌债提供资金渠道的，还有成都诚悦投资有限公司董事长旷晓燕，涉及资金人民币2亿多元。旷晓燕还投资澳门赌场，获利2亿余港币，他与刘汉等人被同案起诉。　　2008年以后，刘汉在赌场动辄一掷千金。当年三四月份，他和几个朋友光顾澳门永利赌场，以一拖四的方式参赌，即输赢均以5倍计算。这一次，他们一共输了1.6亿港币，其中6000万输给了有“公海赌王”之称的连超。　　连超又名连卓钊，曾被内地公安拘捕，大陆不少涉案被查的高官富商与连超有交集。连超赌厅的常客，既有黄光裕这样的富豪，又有詹培忠这样的香港议员，他还结交过原公安部部长助理郑少东、原广东省政协主席陈绍基、原广东省纪委书记王华元，因此被大陆纪检部门和公安机关列为侦办前述大案的线头人物。2008年年底，连超在厦门被警方带走，不过其案情后续至今尚无公开信息。　　至2013年案发时，刘汉尚背负赌债数亿元。　　后来汉龙集团被指控与宏达集团、五矿有色金属股份有限公司一起，通过虚假贸易虚开增值税专用发票，涉税额高达人民币48亿元。这些虚假贸易及增值税专用发票被刘汉和汉龙集团用于向银行贷款融资。　　刘汉、刘小平及汉龙集团还被控骗取银行等金融机构贷款、票据承兑、信用证，资金总额人民币38亿多元、美元1.4亿元，2013年案发时尚涉及资金人民币3.4亿元。　　这些资金主要用于前期融资贷款的本息偿还，其余部分用于维持汉龙集团及关联公司运营和刘汉个人支出。归还赌债即为刘汉个人支出用途之一。（待续）???相关报道：　　刘汉与五矿的暗黑交易　　【刘汉兴衰调查之一】兄弟红黑路　　【刘汉兴衰调查之二】斗法袁宝璟　　【刘汉兴衰调查之三】炒股金路集团内幕　　【刘汉兴衰调查之四】周滨的生意伙伴　　【刘汉兴衰调查之五】矿业大亨　　【刘汉兴衰调查之七】末路狂奔	2014年02月25日08:05
100648593	失联飞机上有一名孕妇	　　【财新网】（记者梁冬梅吴静何春梅）财新记者从在首都机场等候的接机家属处获悉，飞机上有一名孕妇。　　现在，大批失联飞机上的乘客家属和媒体记者正在北京丽都饭店俱乐部的一间狭小的屋子里等待消息。现场马来西亚航空公司的工作人员称正在准备召开新闻发布会说明情况，但时间仍未确定。　　很多接机的家属和朋友原本在首都机场等候，他们都被陆续疏散到丽都饭店。在首都机场马来西亚航空公司的工作台前，财新记者看到一位穿白衣的30岁左右女士情绪失控，大声哭泣。她从早上五点多就在等候接机，她在马来西亚的朋友也在帮她询问，但目前还没有收到任何消息。很快，她被机场工作人员带到了丽都饭店。另一位帮朋友接机的人，早上七点多来到机场，也在紧张打听消息。　　在首都机场提供服务的马来西亚航空公司工作人员拒绝回答任何问题。有一名首都机场派出所的警察在帮助进行疏散工作。　　在丽都饭店聚急的不仅有失联飞机上乘客的家属朋友，还有很多原定要坐这架失联飞机返回马来西亚的，被航空公司安排先入住在丽都。现场也有大批媒体记者在等着召开新闻发布会。　　民航局工作人员告诉财新记者，接到马航吉隆坡至北京的航班失去联系的消息后，民航局立即启动紧急预案，要求民航空管部门与马来西亚方面保持联系，随时通报最新信息；同时要求首都机场协助做好接机旅客家属的安抚工作。　　一位自述为首都机场塔台的工作人员早前发微博称，据三亚区调值班管制员透露，“飞机是在新加坡和越南交界点突然消失，之后差不多凌晨一点，越南人问有没有该航班，我说没有，他就挂了，差不多凌晨两点他才跟我说飞机不见了，然后凌晨三点多跟我说，他们公司说这架飞机还在飞，然后我让香港帮我喊喊，什么都没有。”该微博已被删除。■	2014年03月08日12:06
100656616	米歇尔成都与学生一起上英语课	3月25日，四川成都，美国第一夫人米歇尔参观成都第七中学，和学生一起上英语课。东方IC2/3	2014年03月26日08:25
100643946	银行反击大战余额宝	　　【财新网】（记者吴红毓然）经历多日雾霾后，北京迎来了这个春天的第一个艳阳天。但“余额宝”们还在风口浪尖。　　近日支付宝没有披露最新的规模数据。截至2月26日，只披露了有超过6000万用户把资金交给余额宝管理，收益率仍高达6.1140%。　　业内人士估计，目前余额宝规模或达5000亿元。1月15日，负责管理货余额宝的天弘基金管理公司宣布，余额宝规模超过2500亿元，成为公募基金界“老大”。从2500亿到近5000亿，余额宝增长还在加速。这样数量级别的规模，已不再是互联网金融实验的范畴，足以引起各界的高度重视。　　2月26日也传出消息，中国银行业协会表示，正召集会员行研究银行存款自律规范措施，要求各行严格遵守监管规定，利率上限执行同档次基准利率1.1倍，提前支取按照活期存款利息计息或收取罚金。虽然银行业协会是自律组织，这样的要求对商业银行并无硬约束，但此消息曝光，实际表明，此前银行业和余额宝之间合作的蜜月期已告结束。　　另一个背景是，货币市场资金比去年年终以来稍有宽松，资金价格已经稳定回落，余额宝最主要的合作方银行业，转脸打破了同盟，化友为敌。　　“银行会采取行动的，你可以等等看。”2月26日，一位银行业高层管理人士告诉财新记者。果不其然。　　天弘基金四季报显示，截至2013年末，余额宝投向银行协议存款的比例高达92%。收益率仍高达6.1140%。　　2月25日，业内人士透露，协议存款利率出现大幅下滑，1月期4.8%，3月期5.2%，6月期5.9%。为什么余额宝的收益率明显高于协议存款利率？除了时滞，还有什么秘密？　　去年“余额宝”们生正逢时，收益率轻松达6%。2013年，货币政策维持中性偏紧格局，银行间流动性紧张问题凸显。在这种情况下，余额宝和银行的谈判获得了比较有利的地位。余额宝选择了同业存款作为主要投资方向。同业存款的好处是可约定利率，以及提前赎回不罚息。对银行来说，也并非不是无利可图。同业存款目前不用交20%的存款准备金，这将为银行省去好几个点的成本。这无形中，等于银行和余额宝都获得了监管套利的好处。　　“余额宝一石三鸟。既降低了资本压力，培养了客户，还挟资本以令银行。”一位大行人士评论道。　　对仍在不断增加规模的余额宝来说，保住6%以上收益率将成为极大挑战。“货币基金是有风险的。当客户习惯了6%的收益率，一旦降到历史水平的3%-4%，可能会发生巨额赎回。互联网金融逃避了对海量投资者风险教育的事情”。业内人士表示。但也有分析认为，目前的活期存款利息几近于零，即使余额宝的收益降低到3%-4%，加上可以当天赎回的便利，仍然对外界有很高的吸引力。　　面对余额宝，银行的做法是先稳住客户，推出和余额宝类似的品种。2014年前后，平安、交行、工行、民生等多家银行均推出了自己的“类余额宝”产品。多位业内人士指出，银行系“宝宝”是“杀敌一千，自损八百”，银行推广动力不强，因这些产品以直接损失现有存款为代价，如果大力推广，将严重影响银行的利润。　　当货币市场价格趋稳后，银行反击。据财新记者了解，目前工行、农行已经要求，由总行统筹跟支付宝类公司建立单独账户，并统一定价，各分行、各部门不能再直接定价。银行业协会的有关倡议显然也来自银行。财新记者获悉，有多家银行向监管部门要求，同样的业务应该受到同一标准的监管，互联网金融产品不应享受特别政策。　　近日监管部门动作频频，这并非偶然。有关互联网金融的监管已经讨论了好几个月，财新记者获悉，两会前后，将会有关于互联网金融监管文件出台，如107号文规范“影子银行”一样，各监管机构仍将以“谁的孩子谁抱”为原则，就自己所在领域发挥监管效力。　　证监会近期将发文，拟全面提高基金公司风险准备金的计提比例，并要求与银行未支付利息严格挂钩，以防范货币基金“提前支取协议存款不罚息”这一特权可能取消后，所带来的流动性风险。（参见财新网《证监会拟提高“宝宝们”的风险准备金》）　　银监会以观望为主，但也提示了风险。银监会主席在2014年监管工作会议上指出，部分金融机构已着手布局互联网金融业务，但风险管理有待完善，业务前景尚不明确。■　　更多高品质深度报道，请订阅财新出品的微信公众号“金融混业观察”，财新传媒出品。金融混业大潮势不可挡，各类金融创新层出不穷，财新秉承新闻专业主义精神，提供客观及时的金融行业、金融监管的报道精粹，分享深度专业的评论点睛。	2014年02月27日11:30
100653351	湖南冷水江一煤矿发生瓦斯爆炸事故	3月18日，湖南冷水江，发生事故的土珠煤矿井口禁止烟火的警示标志。郭国权/CFP2/6	2014年03月19日08:52
100657261	兰州火车站前被扔砖块	3月27日，兰州火车站，马路和人行道上被扔了许多砖块。图片来源：微博网友@JloveHo停不下来的鱼酱大人2/6	2014年03月27日10:34
100648582	马来西亚载154名中国人航班失去联系	马来西亚驻京部门组织乘客家属准备召开发布会。梁冬梅/财新记者9/10	2014年03月08日11:27
100640893	沙漠里的土豪生活	浓郁的阿拉伯风情的肖像画和荒漠形成了鲜明的对比3/26	NULL
100633200	拥有私人飞机的中国富豪	苏宁董事长张近东，2011年在胡润百富榜排11位的商界大鳄，2013年购买了一架价值6280万美元的湾流G550型公务机。山水文园董事局主席李辙、巨人网络前CEO史玉柱，也是美国湾流公务机的拥有者。7/12	NULL
100656369	江苏一银行被传倒闭引挤兑潮	3月24日下午，江苏射阳农村商业银行设在盐城环保产业园的一个网点，遭遇近千群众挤兑现金。CFP2/3	2014年03月25日15:46
100650707	中国卫星在疑似失事海域发现漂浮物	　　【财新网】（记者丁锋）一颗参与搜救任务的中国卫星，9日在MH370疑似失事海域观测到3处疑似漂浮物体。　　据中国国家国防科技工业局网站周三（3月12日）消息，中国卫星高分一号卫星3月9日上午11点左右获取的图像中，在马航失联客机疑似失事海域观测到3处疑似漂浮物体。3月9日是MH370失联的第二天。　　图像获取的地理位置位于以（105.63°E,6.7°N）为中心方圆20公里的区域。据CNN的分析，这个地点是飞机起飞地吉隆坡东北、越南以南的海域，距离中国南海与泰国湾（GulfofThailand）的交界处也很近。　　CNN援引美国联邦航空局前官员MichaelGoldfarb的分析称：“我认为发现物体的尺寸以及各方消息，给了我们足够的理由相信我们已经(重新聚焦到了）失事区域……我认为这些物体有很大机会被确认为飞机残骸。”　　不过，之前其它国家的官方也多次声称发现可疑失联飞机碎片或油迹，但后来都被确认与MH370无关。　　中国国防科工局表示，将根据事态发展，组织中国资源卫星应用中心综合利用卫星资源，优化成像区域，分析数据，持续为搜救马航失联客机服务。■	2014年03月13日08:41
100646782	习近平看望政协少数民族界委员	3月4日，中共中央总书记、国家主席、中央军委主席习近平看望出席全国政协十二届二次会议的委员并参加分组讨论时强调，团结稳定是福，分裂动乱是祸。全国各族人民都要珍惜民族大团结的政治局面，都要坚决反对一切危害各民族大团结的言行。习近平希望少数民族界委员们为做好新形势下民族工作发挥参谋助手和决策咨询作用。图片来源@新华视点1/3	2014年03月05日08:09
100656591	山西司法厅副厅长苏浩去职	　　【财新网】（见习记者王少杰）山西省官场地震余波未止。3月25日上午，山西司法厅官网将苏浩名字从“领导介绍”栏目撤下。曾任山西公安厅副厅长兼太原公安局局长的苏浩，在2011年11月调至山西省司法厅任排名第三的副厅长。　　此前的2014年2月27日，中纪委宣布，山西省人大常委会副主任金道铭因涉嫌严重违纪违法接受调查。金道铭曾任中纪委副秘书长兼办公厅主任，2006年8月赴山西，先后任省纪委书记、省委副书记、并曾短期兼政法委书记。2014年3月6日，中纪委监察部网站再次发布消息，山西省监察厅副厅长谢克敏涉嫌严重违纪，正接受组织调查。　　苏浩现年55岁，山西朔州朔城区人，二级警监。1976年2月入伍，1986年10月转业至山西省工商局，1991年4月任山西省朔州市工商局副局长。1995年11月，苏浩转入警界，任山西省朔州市公安局副局长，1999年8月后又任朔州市公安局局长、忻州市公安局局长。2003年6月，苏浩升任山西省公安厅副厅长，2007年2月至2008年4月兼任大同市公安局局长，2008年4月至2011年兼任太原市公安局局长。2011年11月22日，山西省政府常务会议任命苏浩为省司法厅副厅长。　　在中央纪委监察部主管的国家风尚网上，2013年1月11日曾发表评论文章《“身边人”有疾，病根在领导》，文中称，2011年9月，驾驶“晋O00888”牌照奥迪车的18岁少年苏楠与李双江之子在北京海淀一小区打人，苏楠接受讯问时自称是苏浩之子，“苏浩因此陷入舆论漩涡被调离公安系统”。　　“打人事件”后，山西省公安厅曾澄清，肇事车主苏楠承认为减轻处理、逃避处罚，编造了是苏浩亲属的理由，经认真核查，苏浩与肇事车主没有任何关系。但其后又有媒体报道说，苏浩有两名非婚私生子。　　该文称，近几年来，领导干部“家里人”、“身边人”频频出事甚至成为腐败的“中坚力量”早就不是新闻，更成为当前违法乱纪、腐败犯罪的一个显著特征，夫人腐败、子女腐败、秘书腐败层出不穷……“综观很多腐败大案，我们会发现，‘身边人’出事涉案，常常会拔出萝卜带出泥，因为子女、配偶、司机涉案而牵出领导腐败问题的，那是大概率的事情”。　　苏浩调离山西省公安厅后，续任者李亚力在2012年12月亦被停止山西省公安厅副厅长兼太原市公安局局长职务，接受调查，李亚力被免职与其子李正源涉嫌醉驾殴打执法交警相关。■	2014年03月26日07:25
100637175	童星全家身价排行榜	陆毅一家三口其乐融融，陆毅与鲍蕾在结束长达8年的恋爱长跑后，于2006年结婚。2008年，鲍蕾诞下一女。两人感情终于开花结果，令人称羡。16/20	NULL
100657146	法国卫星发现122个疑似碎片	马来西亚收到的来自法国的卫星图发现的122个疑似碎片的位置图，卫星图拍摄于23日。3/4	2014年03月27日07:52
100642684	刘汉与五矿的暗黑交易	　　【财新网】（记者吴红毓然罗洁琪）五矿有色与汉龙集团、宏达集团六年合作虚开增值税发票税额近50亿元，价税合计332亿。这是湖北警方向检察院移送起诉材料里披露的内容。业内人士指出，此案揭开了中国特定社会环境下，民企与国企之间“往来”的冰山一角：即在构建虚假贸易背景下，民企替国企做大销售量，而国企帮民企低成本融资。这中间还有多少寻租成本，在此案被彻底调查之前，就只有当事双方和天知地知了。　　四川富豪、汉龙集团董事局主席刘汉2月20日由湖北省咸宁市人民检察院向咸宁市中级人民法院提起公诉，他2013年3月被警方控制至今。据新华社报道，刘汉、刘维涉及15个罪名，包括组织、领导、参加黑社会性质组织罪、故意杀人罪、骗取贷款、票据承兑、金融票证罪等。他亦与目前被查的某前领导人之子周滨有生意往来。　　根据公安向检方移交的起诉意见书内容披露，公安机关在调查过程中发现，五矿有色金属股份有限公司(下称五矿有色)为刘汉等人控制的汉龙集团、宏达集团等公司做托盘，给“汉龙系”提供融资，通过虚假增值税发票虚增业绩、滚大规模。　　宏达集团董事局主席刘苍龙是刘汉的堂兄。他是宏达股份（600331.SH）的实际控制人。国内资本市场上将刘汉和刘沧龙所控资产合称“汉龙系”。　　民企与国企勾结，用虚假贸易帮助国企做大销售业绩，而国企为民企提供托盘等融资帮助，表现最为突出的，目前看是钢贸领域。据财新记者调查发现，自2008年起，大量的钢贸信贷实际上是大型国企给民营钢贸商做的托盘融资。　　根据监管机构内部的统计口径，2013年底，全国钢贸敞口约1.5万亿，此类风险并未完全暴露，全靠已巨亏的国企掩盖。（见《新世纪》周刊2014年第6期“钢贸黑洞塌陷”）而业内人士估计，实际的钢贸贷款还不止这些。到2013年中，63家最大钢铁企业约3万亿元的银行债务中，有多少涉及钢贸黑洞难以自拔？　　所谓托盘业务，是指国企先帮贸易商支付货款，货材放在第三方仓库；一段时间后，贸易商通过加付一定的佣金费用或者利息费用偿还资金后，拿回货权。但后来演变为“一货多嫁”甚至“空仓计”，国企货财两失，资不抵债。业内人士指出，包括中钢集团、中建材集团、五矿集团等多家央企，及多家省级物资公司均卷入托盘融资黑洞。　　托盘的国企一般规模较大，央企身份较容易获得银行授信，在这种交易里相当于充当民企的“二银行”，民企借此获得融资；国企则可以扩大业绩规模，并坐收近10%的利息差。五矿有色、汉龙集团、宏达集团三家公司形成虚假锌锭贸易融资闭环，也正是采用这一形式。　　据公安机关调查，自2006年底始，汉龙集团便寻求与五矿有色合作，向其融资。2007年4月，五矿有色与汉龙集团、宏达集团签订协议，汉龙集团以宏达集团股票做质押，向五矿有色融资6亿元；同时为了增加五矿有色的业绩，由宏达集团与五矿有色完成每月5000吨锌锭贸易。　　2008年，这一合作变得更为激进，推升资金空转。汉龙集团以购买“锌锭”为由，分多次将资金转往宏达集团，双方签订虚假贸易合同。宏达集团给汉龙集团虚开增值税专用发票，在扣除费用后将资金转往五矿有色；五矿有色给宏达集团虚开发票，将资金扣除“利润”后转回到汉龙集团；汉龙集团再给五矿有色虚开发票。三方成环状虚开增值税专用发票，形成封闭循环体系。　　刘汉在控制了四川汉龙高新技术开发有限责任公司（下称汉龙高新）、广汉佳德、平原实业、凯达实业等70家公司后，资金量需求庞大。在矿产等大宗商品价格巨跌后，刘汉又扩张海外投资，更加剧了“汉龙系”资金压力。但若不是因涉案被查，刘汉们与央企之间的这种游戏还将继续。　　即使在2013年3月刘汉被警方控制后，为了解决汉龙集团面临的资金困难，汉龙集团董事长张克宇等人还到宏达集团协商，继续按以前模式合作一直到2013年6月底。　　经审计，汉龙集团、宏达集团和五矿有色账面流转的锌锭均为75.27万吨，三方共开出增值税专用发票2.2万份，价税合计近332亿元，税额逾48亿元，三方均虚开近16亿元税额的发票。这些虚假贸易及虚开发票均被刘汉及汉龙集团利用来向银行贷款融资。　　五矿有色官网显示,公司成立于2001年12月27日，注册资本12.7亿元。中国五矿集团为其主发起人，控股93.6%。2009年，五矿有色实现主营业务收入422.23亿元，利润总额达到20.73亿元。　　然而，根据湖北检方最终向法院提起公诉的起诉书内容，检方控刘汉等36人共21项罪名，刘汉、刘维共15项，15项中并未列入虚开增值税发票一罪名，五矿有色也没有被列入被告。■　　（更多刘汉案系列报道，请见财新网《刘汉兴衰调查》）	2014年02月25日09:35
100656637	探访国际海事卫星组织英国总部	3月25日，英国伦敦，国际海事卫星组织媒体主管（左）向记者介绍控制室大屏幕的显示内容。王丽莉/新华社3/4	2014年03月26日09:09
100648830	马航召开新闻发布会通报失联航班最新情况	3月9日下午三点，马航在首都国际机场旁边的国都大饭店召开发布会通报失联航班最新情况。王攀/财新记者2/16	2014年03月09日14:24
100648981	丽都饭店的义工们	　　【财新网】（实习记者盛梦露）丽都饭店是此次马航失踪飞机乘客家属的安置地。在饭店的雨轩厅，记者看到有两群人穿梭在家属中间。一群是穿着鲜蓝色背心的马航工作人员，另一群人身穿深蓝色的制服，背后印着一行白字——“台湾佛教慈济会”。　　慈济会的成员们行事安静，同他们色调深暗的制服一样低调。他们会走到家属身边轻轻坐下，轻声同家属交谈，告诉他们“要坚持”。　　但他们的行动有序而迅速，往往出现在最需要他们的地方。在马航工作人员宣布办理护照事宜前，慈济会的成员们整理好座椅供家属入座；在每个情绪失控的家属身边，总有慈济会的成员握着他们的手；每隔一段时间，他们会端着茶水在家属间穿梭。　　在丽都饭店，同样的义工人士还有林紫心理机构派来的义工团体。负责人吴霞告诉财新记者，林紫义工共派出了9人，到丽都饭店对家属进行心理干预。　　吴霞说，她负责24小时实事联系义工。3月8日晚，她们连夜制定计划、招募人员、设计相关的应对方法，只睡了1、2个小时，“经历了一个不眠之夜”。　　3月9日11点左右，有人致电求助，随后，在12点左右，林紫的义工就赶到丽都酒店。他们的工作主要是陪伴家属，帮助他们，平衡稳定他们的情绪。　　吴霞告诉财新记者，家属们十分焦急，伴随着信息的反复，他们经受着大起大落的煎熬。义工们能做的，就是“疏导，让他们说出来、哭出来”。吴霞表示，他们的义工经过筛选，都具备专业的心理咨询能力。对于一些不顾家属感受，一味采集家属资料的媒体，吴霞希望媒体能换位思考，多替家属考虑。　　在漫长的等待中，一位女家属克制不住哭起来。握着前来安慰的慈济会成员的手，她断断续续地回忆着几十个小时前发生的事情——显然，她仍然不能相信这一切是真的。　　她的爱人，原本计划乘坐10日的飞机返回，但为了给她一个惊喜，将航班偷偷改至8日，恰恰就在这次失踪的航班。她哭着说她之前一直不知道，是后来他的同事告诉她的，“我只要他能平安回来”，回忆到这里，她失声痛哭。　　另一位家属张欣宇，他的67岁的母亲边茂勤也在这个航班上。在张欣宇口中，他的母亲是“特粗犷一人，对什么都满不在乎”，平时就喜欢到各地旅游，这是她第一次出国。　　“她有点路痴，我们不放心，可她非得去。”张欣宇红着眼说，上周六他和妹妹去看母亲，母亲才告诉他们她要出国的消息。他和妹妹都不同意，“感觉都不好”。上周二出发时，他的妹妹甚至追到机场想把她截回来。　　但是母亲却对这次旅途充满了期待。张欣宇说，上周六，她还高高兴兴地去理了发。在马来西亚，她也给女儿打过电话，告诉她自己挺好的，并说周六就回来了。但周六，张欣宇却在网上公布的MH370航班乘客名单里发现了自己母亲的名字。　　和张欣宇母亲同行的，还有11名老年人，据张欣宇说，他们一行12人，是由其中一人牵头一起到马来西亚自由行的。时至今日，他除了等待，只有等待。■	2014年03月10日08:08
